product_id,product_name,category,start_date,usd_price,mean_quote
1,Transponder AIS Maré Magnum,eletrônicos,08-10-2016,10583.63,3.13
1,Transponder AIS Maré Magnum,eletrônicos,06-15-2018,8778.36,3.77
1,Transponder AIS Maré Magnum,eletrônicos,09-25-2018,8023.87,4.13
1,Transponder AIS Maré Magnum,eletrônicos,03-19-2019,8772.78,3.78
1,Transponder AIS Maré Magnum,eletrônicos,01-17-2020,7918.18,4.18
1,Transponder AIS Maré Magnum,eletrônicos,06-17-2020,6310.01,5.25
1,Transponder AIS Maré Magnum,eletrônicos,07-02-2021,6586.7,5.03
1,Transponder AIS Maré Magnum,eletrônicos,05-16-2022,6538.2,5.07
1,Transponder AIS Maré Magnum,eletrônicos,02-28-2023,6360.91,5.21
1,Transponder AIS Maré Magnum,eletrônicos,10-17-2023,6574.8,5.04
1,Transponder AIS Maré Magnum,eletrônicos,02-16-2024,6657.12,4.98
1,Transponder AIS Maré Magnum,eletrônicos,02-22-2024,6703.2,4.94
1,Transponder AIS Maré Magnum,eletrônicos,03-15-2024,6633.66,4.99
1,Transponder AIS Maré Magnum,eletrônicos,08-02-2024,5774.5,5.74
1,Transponder AIS Maré Magnum,eletrônicos,04-08-2025,5579.75,5.94
2,Transponder Furuno Marlin,eletrônicos,11-23-2017,4325.09,3.24
2,Transponder Furuno Marlin,eletrônicos,07-06-2022,2577.22,5.43
2,Transponder Furuno Marlin,eletrônicos,05-24-2023,2829.74,4.95
2,Transponder Furuno Marlin,eletrônicos,11-05-2025,2602.27,5.38
3,Radar Furuno Pulse Leviathan,eletrônicos,04-12-2016,2549.21,3.54
3,Radar Furuno Pulse Leviathan,eletrônicos,07-26-2018,2423.45,3.72
3,Radar Furuno Pulse Leviathan,eletrônicos,06-27-2019,2335.69,3.86
3,Radar Furuno Pulse Leviathan,eletrônicos,07-17-2019,2399.28,3.76
3,Radar Furuno Pulse Leviathan,eletrônicos,10-14-2019,2187.31,4.13
3,Radar Furuno Pulse Leviathan,eletrônicos,12-04-2020,1745.49,5.17
3,Radar Furuno Pulse Leviathan,eletrônicos,06-21-2022,1753.77,5.15
4,Rádio AIS Hydro Tidal Zen,eletrônicos,03-04-2016,909.55,3.72
4,Rádio AIS Hydro Tidal Zen,eletrônicos,11-22-2016,1010.42,3.35
4,Rádio AIS Hydro Tidal Zen,eletrônicos,04-19-2017,1080.89,3.13
4,Rádio AIS Hydro Tidal Zen,eletrônicos,11-22-2018,887.7,3.81
4,Rádio AIS Hydro Tidal Zen,eletrônicos,09-21-2022,654.31,5.17
4,Rádio AIS Hydro Tidal Zen,eletrônicos,11-28-2023,692.14,4.89
4,Rádio AIS Hydro Tidal Zen,eletrônicos,03-13-2024,679.13,4.98
4,Rádio AIS Hydro Tidal Zen,eletrônicos,03-10-2025,583.85,5.79
5,Piloto Automático Furuno Storm,eletrônicos,02-10-2016,6006.45,3.94
5,Piloto Automático Furuno Storm,eletrônicos,01-17-2017,7374.9,3.21
5,Piloto Automático Furuno Storm,eletrônicos,02-18-2021,4364.4,5.42
5,Piloto Automático Furuno Storm,eletrônicos,05-03-2022,4718.61,5.02
5,Piloto Automático Furuno Storm,eletrônicos,05-24-2022,4920.79,4.81
5,Piloto Automático Furuno Storm,eletrônicos,08-15-2023,4752.24,4.98
5,Piloto Automático Furuno Storm,eletrônicos,09-24-2024,4327.37,5.47
5,Piloto Automático Furuno Storm,eletrônicos,07-24-2025,4285.3,5.52
6,Transponder AIS Vector,eletrônicos,07-23-2020,2288.92,5.16
6,Transponder AIS Vector,eletrônicos,12-01-2021,2104.66,5.62
6,Transponder AIS Vector,eletrônicos,03-07-2024,2394.79,4.94
6,Transponder AIS Vector,eletrônicos,06-21-2024,2172.43,5.44
6,Transponder AIS Vector,eletrônicos,12-04-2024,1951.33,6.06
6,Transponder AIS Vector,eletrônicos,03-19-2025,2086.5,5.67
7,Radar AIS Zen,eletrônicos,10-26-2016,6253.41,3.12
7,Radar AIS Zen,eletrônicos,06-21-2017,5871.9,3.32
7,Radar AIS Zen,eletrônicos,05-08-2018,5454.91,3.58
7,Radar AIS Zen,eletrônicos,12-12-2022,3678.62,5.31
7,Radar AIS Zen,eletrônicos,08-18-2025,3604.64,5.42
8,GPS AIS Zen,eletrônicos,12-06-2019,1193.04,4.18
8,GPS AIS Zen,eletrônicos,06-19-2020,932.31,5.35
8,GPS AIS Zen,eletrônicos,02-18-2021,919.04,5.42
8,GPS AIS Zen,eletrônicos,08-06-2021,951.1,5.24
8,GPS AIS Zen,eletrônicos,03-23-2023,947.09,5.26
8,GPS AIS Zen,eletrônicos,05-10-2023,1006.07,4.95
8,GPS AIS Zen,eletrônicos,04-16-2024,947.05,5.26
8,GPS AIS Zen,eletrônicos,06-03-2025,879.22,5.67
9,Transponder AIS Titan Pulse,eletrônicos,12-26-2018,10115.54,3.93
9,Transponder AIS Titan Pulse,eletrônicos,05-21-2020,7088.62,5.6
9,Transponder AIS Titan Pulse,eletrônicos,12-10-2020,7808.97,5.09
9,Transponder AIS Titan Pulse,eletrônicos,05-05-2022,7933.96,5.01
9,Transponder AIS Titan Pulse,eletrônicos,04-16-2024,7544.56,5.26
9,Transponder AIS Titan Pulse,eletrônicos,08-21-2024,7258.64,5.47
10,Piloto Automático Simrad Titan Flux Magnum,eletrônicos,05-29-2018,8591.86,3.73
10,Piloto Automático Simrad Titan Flux Magnum,eletrônicos,11-16-2021,5849.07,5.48
10,Piloto Automático Simrad Titan Flux Magnum,eletrônicos,12-20-2021,5615.0,5.71
10,Piloto Automático Simrad Titan Flux Magnum,eletrônicos,05-23-2023,6449.43,4.97
10,Piloto Automático Simrad Titan Flux Magnum,eletrônicos,06-29-2023,6594.15,4.86
10,Piloto Automático Simrad Titan Flux Magnum,eletrônicos,09-05-2023,6445.41,4.97
10,Piloto Automático Simrad Titan Flux Magnum,eletrônicos,11-13-2023,6505.49,4.92
10,Piloto Automático Simrad Titan Flux Magnum,eletrônicos,11-24-2023,6547.91,4.89
10,Piloto Automático Simrad Titan Flux Magnum,eletrônicos,10-07-2024,5864.71,5.46
10,Piloto Automático Simrad Titan Flux Magnum,eletrônicos,03-21-2025,5596.76,5.72
10,Piloto Automático Simrad Titan Flux Magnum,eletrônicos,10-01-2025,6021.02,5.32
11,GPS Furuno Swift Leviathan Poseidon,eletrônicos,02-18-2016,9039.0,4.01
11,GPS Furuno Swift Leviathan Poseidon,eletrônicos,10-07-2016,11277.36,3.21
11,GPS Furuno Swift Leviathan Poseidon,eletrônicos,10-14-2016,11372.94,3.19
11,GPS Furuno Swift Leviathan Poseidon,eletrônicos,04-23-2018,10527.94,3.44
11,GPS Furuno Swift Leviathan Poseidon,eletrônicos,10-15-2019,8734.37,4.15
11,GPS Furuno Swift Leviathan Poseidon,eletrônicos,01-13-2020,8772.22,4.13
11,GPS Furuno Swift Leviathan Poseidon,eletrônicos,11-27-2020,6773.84,5.35
11,GPS Furuno Swift Leviathan Poseidon,eletrônicos,05-14-2021,6875.78,5.27
11,GPS Furuno Swift Leviathan Poseidon,eletrônicos,01-27-2022,6733.8,5.38
11,GPS Furuno Swift Leviathan Poseidon,eletrônicos,03-15-2023,6839.44,5.3
11,GPS Furuno Swift Leviathan Poseidon,eletrônicos,05-09-2023,7246.24,5.0
11,GPS Furuno Swift Leviathan Poseidon,eletrônicos,05-20-2025,6399.81,5.66
12,GPS AIS Drift Flux Vox,eletrônicos,02-03-2016,689.26,3.96
12,GPS AIS Drift Flux Vox,eletrônicos,03-21-2016,752.61,3.62
12,GPS AIS Drift Flux Vox,eletrônicos,09-22-2017,871.57,3.13
12,GPS AIS Drift Flux Vox,eletrônicos,09-18-2018,659.09,4.14
12,GPS AIS Drift Flux Vox,eletrônicos,10-09-2018,729.22,3.74
12,GPS AIS Drift Flux Vox,eletrônicos,01-02-2019,706.47,3.86
12,GPS AIS Drift Flux Vox,eletrônicos,02-07-2020,632.96,4.31
12,GPS AIS Drift Flux Vox,eletrônicos,06-20-2022,527.97,5.16
12,GPS AIS Drift Flux Vox,eletrônicos,07-31-2024,481.53,5.66
12,GPS AIS Drift Flux Vox,eletrônicos,05-20-2025,481.54,5.66
12,GPS AIS Drift Flux Vox,eletrônicos,06-20-2025,496.11,5.5
12,GPS AIS Drift Flux Vox,eletrônicos,07-10-2025,491.85,5.54
13,Radar Simrad Boost,eletrônicos,03-22-2017,2504.48,3.09
13,Radar Simrad Boost,eletrônicos,01-08-2018,2394.7,3.24
13,Radar Simrad Boost,eletrônicos,02-19-2019,2082.55,3.72
13,Radar Simrad Boost,eletrônicos,12-12-2019,1885.58,4.11
13,Radar Simrad Boost,eletrônicos,10-22-2021,1356.5,5.71
14,Rádio Furuno Zen Swift,eletrônicos,11-10-2016,10819.71,3.31
14,Rádio Furuno Zen Swift,eletrônicos,05-05-2017,11276.24,3.18
14,Rádio Furuno Zen Swift,eletrônicos,01-10-2020,8790.37,4.07
14,Rádio Furuno Zen Swift,eletrônicos,08-12-2021,6841.36,5.24
14,Rádio Furuno Zen Swift,eletrônicos,02-17-2023,6885.95,5.2
14,Rádio Furuno Zen Swift,eletrônicos,03-24-2023,6767.66,5.29
14,Rádio Furuno Zen Swift,eletrônicos,05-03-2024,7068.63,5.07
14,Rádio Furuno Zen Swift,eletrônicos,05-31-2024,6832.87,5.24
14,Rádio Furuno Zen Swift,eletrônicos,02-24-2025,6254.99,5.73
14,Rádio Furuno Zen Swift,eletrônicos,09-02-2025,6549.93,5.47
15,Radar Garmin Tidal Thrust,eletrônicos,06-23-2017,8369.26,3.33
15,Radar Garmin Tidal Thrust,eletrônicos,05-17-2019,6831.81,4.08
15,Radar Garmin Tidal Thrust,eletrônicos,08-21-2019,6931.96,4.03
15,Radar Garmin Tidal Thrust,eletrônicos,01-17-2020,6669.64,4.18
15,Radar Garmin Tidal Thrust,eletrônicos,11-26-2020,5244.81,5.32
15,Radar Garmin Tidal Thrust,eletrônicos,12-06-2022,5325.4,5.24
15,Radar Garmin Tidal Thrust,eletrônicos,01-09-2023,5267.98,5.3
15,Radar Garmin Tidal Thrust,eletrônicos,09-25-2024,5097.71,5.47
15,Radar Garmin Tidal Thrust,eletrônicos,01-27-2025,4707.55,5.93
16,Sonda Garmin Axis,eletrônicos,04-13-2016,8470.76,3.54
16,Sonda Garmin Axis,eletrônicos,12-19-2016,8884.87,3.38
16,Sonda Garmin Axis,eletrônicos,02-19-2018,9278.0,3.23
16,Sonda Garmin Axis,eletrônicos,09-06-2018,7238.38,4.15
16,Sonda Garmin Axis,eletrônicos,10-31-2018,8072.42,3.72
16,Sonda Garmin Axis,eletrônicos,05-20-2020,5267.72,5.7
16,Sonda Garmin Axis,eletrônicos,07-27-2020,5783.4,5.19
16,Sonda Garmin Axis,eletrônicos,01-02-2023,5615.94,5.34
16,Sonda Garmin Axis,eletrônicos,12-27-2023,6212.42,4.83
16,Sonda Garmin Axis,eletrônicos,06-19-2024,5491.48,5.46
16,Sonda Garmin Axis,eletrônicos,01-10-2025,4922.32,6.1
16,Sonda Garmin Axis,eletrônicos,08-15-2025,5564.7,5.39
17,Rádio AIS Oceanic Pulse,eletrônicos,06-23-2016,4187.31,3.35
17,Rádio AIS Oceanic Pulse,eletrônicos,11-09-2016,4352.84,3.23
17,Rádio AIS Oceanic Pulse,eletrônicos,08-24-2017,4471.23,3.14
17,Rádio AIS Oceanic Pulse,eletrônicos,02-22-2018,4307.43,3.26
17,Rádio AIS Oceanic Pulse,eletrônicos,08-06-2018,3773.05,3.72
17,Rádio AIS Oceanic Pulse,eletrônicos,07-10-2019,3724.7,3.77
17,Rádio AIS Oceanic Pulse,eletrônicos,08-28-2019,3378.52,4.16
17,Rádio AIS Oceanic Pulse,eletrônicos,09-22-2020,2584.32,5.43
17,Rádio AIS Oceanic Pulse,eletrônicos,12-30-2020,2701.79,5.2
17,Rádio AIS Oceanic Pulse,eletrônicos,07-15-2021,2753.03,5.1
17,Rádio AIS Oceanic Pulse,eletrônicos,12-26-2022,2706.74,5.19
17,Rádio AIS Oceanic Pulse,eletrônicos,06-02-2023,2833.14,4.96
18,Rádio Simrad Axis,eletrônicos,02-15-2016,6663.27,3.99
18,Rádio Simrad Axis,eletrônicos,04-12-2016,7506.34,3.54
18,Rádio Simrad Axis,eletrônicos,04-27-2016,7529.95,3.53
18,Rádio Simrad Axis,eletrônicos,04-04-2017,8509.99,3.12
18,Rádio Simrad Axis,eletrônicos,01-02-2018,8128.37,3.27
18,Rádio Simrad Axis,eletrônicos,03-14-2018,8156.56,3.26
18,Rádio Simrad Axis,eletrônicos,03-25-2019,6854.93,3.88
18,Rádio Simrad Axis,eletrônicos,07-01-2019,6958.51,3.82
18,Rádio Simrad Axis,eletrônicos,10-02-2019,6396.83,4.15
18,Rádio Simrad Axis,eletrônicos,09-24-2021,4973.41,5.34
18,Rádio Simrad Axis,eletrônicos,01-25-2022,4834.43,5.5
18,Rádio Simrad Axis,eletrônicos,07-19-2023,5536.62,4.8
18,Rádio Simrad Axis,eletrônicos,04-02-2024,5265.1,5.05
18,Rádio Simrad Axis,eletrônicos,02-05-2025,4582.17,5.8
18,Rádio Simrad Axis,eletrônicos,12-04-2025,5018.78,5.3
19,Sonda Lowrance Tidal Storm Vox,eletrônicos,03-17-2016,4509.55,3.64
19,Sonda Lowrance Tidal Storm Vox,eletrônicos,04-25-2016,4633.27,3.55
19,Sonda Lowrance Tidal Storm Vox,eletrônicos,05-25-2016,4590.3,3.58
19,Sonda Lowrance Tidal Storm Vox,eletrônicos,11-11-2016,4780.88,3.44
19,Sonda Lowrance Tidal Storm Vox,eletrônicos,09-04-2017,5236.07,3.14
19,Sonda Lowrance Tidal Storm Vox,eletrônicos,09-28-2017,5156.86,3.19
19,Sonda Lowrance Tidal Storm Vox,eletrônicos,05-25-2021,3092.45,5.31
19,Sonda Lowrance Tidal Storm Vox,eletrônicos,08-30-2021,3163.35,5.2
19,Sonda Lowrance Tidal Storm Vox,eletrônicos,08-28-2023,3358.13,4.89
19,Sonda Lowrance Tidal Storm Vox,eletrônicos,02-12-2025,2847.65,5.77
20,Radar AIS Marlin,eletrônicos,07-04-2016,9494.81,3.25
20,Radar AIS Marlin,eletrônicos,01-23-2020,7401.92,4.17
20,Radar AIS Marlin,eletrônicos,10-04-2021,5689.04,5.42
21,GPS AIS Nautic Thrust,eletrônicos,02-19-2016,2157.43,4.05
21,GPS AIS Nautic Thrust,eletrônicos,09-04-2017,2783.21,3.14
21,GPS AIS Nautic Thrust,eletrônicos,04-25-2018,2493.17,3.5
21,GPS AIS Nautic Thrust,eletrônicos,02-26-2019,2323.7,3.76
21,GPS AIS Nautic Thrust,eletrônicos,06-10-2019,2252.1,3.88
21,GPS AIS Nautic Thrust,eletrônicos,10-29-2019,2186.92,3.99
21,GPS AIS Nautic Thrust,eletrônicos,11-01-2019,2195.72,3.98
21,GPS AIS Nautic Thrust,eletrônicos,04-23-2020,1603.82,5.45
21,GPS AIS Nautic Thrust,eletrônicos,10-18-2021,1582.72,5.52
21,GPS AIS Nautic Thrust,eletrônicos,12-30-2022,1674.22,5.22
21,GPS AIS Nautic Thrust,eletrônicos,04-30-2024,1689.08,5.17
21,GPS AIS Nautic Thrust,eletrônicos,08-09-2024,1584.96,5.51
21,GPS AIS Nautic Thrust,eletrônicos,08-26-2025,1611.19,5.42
21,GPS AIS Nautic Thrust,eletrônicos,11-13-2025,1653.83,5.28
22,Transponder Furuno Force Ion,eletrônicos,02-20-2019,10635.91,3.71
22,Transponder Furuno Force Ion,eletrônicos,05-06-2020,6961.86,5.67
22,Transponder Furuno Force Ion,eletrônicos,02-04-2021,7319.1,5.39
22,Transponder Furuno Force Ion,eletrônicos,08-22-2022,7630.67,5.17
22,Transponder Furuno Force Ion,eletrônicos,03-17-2025,6912.34,5.71
22,Transponder Furuno Force Ion,eletrônicos,04-16-2025,6709.44,5.88
22,Transponder Furuno Force Ion,eletrônicos,07-23-2025,7104.66,5.55
23,Piloto Automático Furuno Torque Peak,eletrônicos,09-16-2016,3387.67,3.3
23,Piloto Automático Furuno Torque Peak,eletrônicos,10-25-2016,3584.39,3.12
23,Piloto Automático Furuno Torque Peak,eletrônicos,08-15-2018,2856.94,3.91
23,Piloto Automático Furuno Torque Peak,eletrônicos,12-28-2018,2885.4,3.87
23,Piloto Automático Furuno Torque Peak,eletrônicos,01-09-2019,3027.39,3.69
23,Piloto Automático Furuno Torque Peak,eletrônicos,01-14-2022,2019.88,5.53
23,Piloto Automático Furuno Torque Peak,eletrônicos,10-13-2022,2108.74,5.3
23,Piloto Automático Furuno Torque Peak,eletrônicos,03-21-2024,2244.66,4.98
24,GPS AIS Orca Marlin Velocity,eletrônicos,05-30-2018,6217.8,3.74
24,GPS AIS Orca Marlin Velocity,eletrônicos,08-14-2018,5986.75,3.88
24,GPS AIS Orca Marlin Velocity,eletrônicos,02-25-2019,6231.98,3.73
24,GPS AIS Orca Marlin Velocity,eletrônicos,05-14-2019,5839.87,3.98
24,GPS AIS Orca Marlin Velocity,eletrônicos,12-16-2019,5694.86,4.08
24,GPS AIS Orca Marlin Velocity,eletrônicos,04-06-2021,4129.65,5.63
24,GPS AIS Orca Marlin Velocity,eletrônicos,07-29-2024,4113.86,5.65
24,GPS AIS Orca Marlin Velocity,eletrônicos,12-30-2024,3752.15,6.19
24,GPS AIS Orca Marlin Velocity,eletrônicos,05-16-2025,4081.62,5.69
24,GPS AIS Orca Marlin Velocity,eletrônicos,09-23-2025,4378.72,5.31
25,Rádio Lowrance Nitro Thrust Barracuda,eletrônicos,10-01-2018,3011.51,4.03
25,Rádio Lowrance Nitro Thrust Barracuda,eletrônicos,07-22-2020,2372.85,5.11
25,Rádio Lowrance Nitro Thrust Barracuda,eletrônicos,03-04-2022,2389.36,5.08
25,Rádio Lowrance Nitro Thrust Barracuda,eletrônicos,11-29-2023,2478.48,4.89
25,Rádio Lowrance Nitro Thrust Barracuda,eletrônicos,03-22-2024,2430.59,4.99
25,Rádio Lowrance Nitro Thrust Barracuda,eletrônicos,10-18-2024,2139.99,5.67
25,Rádio Lowrance Nitro Thrust Barracuda,eletrônicos,01-07-2025,1996.62,6.07
25,Rádio Lowrance Nitro Thrust Barracuda,eletrônicos,08-20-2025,2216.09,5.47
25,Rádio Lowrance Nitro Thrust Barracuda,eletrônicos,10-15-2025,2226.75,5.45
25,Rádio Lowrance Nitro Thrust Barracuda,eletrônicos,12-31-2025,2204.09,5.5
26,Piloto Automático Furuno Core Boost Flux,eletrônicos,06-14-2017,5264.45,3.28
26,Piloto Automático Furuno Core Boost Flux,eletrônicos,07-14-2017,5419.11,3.19
26,Piloto Automático Furuno Core Boost Flux,eletrônicos,04-23-2018,5021.99,3.44
26,Piloto Automático Furuno Core Boost Flux,eletrônicos,02-18-2019,4632.32,3.73
26,Piloto Automático Furuno Core Boost Flux,eletrônicos,03-14-2022,3412.88,5.06
26,Piloto Automático Furuno Core Boost Flux,eletrônicos,05-08-2024,3396.78,5.09
26,Piloto Automático Furuno Core Boost Flux,eletrônicos,05-17-2024,3378.85,5.12
26,Piloto Automático Furuno Core Boost Flux,eletrônicos,09-23-2025,3257.47,5.31
26,Piloto Automático Furuno Core Boost Flux,eletrônicos,11-04-2025,3210.1,5.38
27,GPS Garmin Vortex Maré Drift,eletrônicos,07-08-2016,5009.24,3.3
27,GPS Garmin Vortex Maré Drift,eletrônicos,06-26-2017,4985.04,3.31
27,GPS Garmin Vortex Maré Drift,eletrônicos,03-07-2018,5110.01,3.23
27,GPS Garmin Vortex Maré Drift,eletrônicos,05-29-2019,4132.1,4.0
27,GPS Garmin Vortex Maré Drift,eletrônicos,08-21-2019,4102.43,4.03
27,GPS Garmin Vortex Maré Drift,eletrônicos,06-10-2020,3377.4,4.89
27,GPS Garmin Vortex Maré Drift,eletrônicos,06-25-2020,3098.94,5.33
27,GPS Garmin Vortex Maré Drift,eletrônicos,01-21-2021,3105.99,5.32
27,GPS Garmin Vortex Maré Drift,eletrônicos,06-08-2021,3270.7,5.05
27,GPS Garmin Vortex Maré Drift,eletrônicos,06-18-2021,3282.07,5.03
27,GPS Garmin Vortex Maré Drift,eletrônicos,07-12-2022,3051.23,5.41
27,GPS Garmin Vortex Maré Drift,eletrônicos,05-26-2025,2916.55,5.66
27,GPS Garmin Vortex Maré Drift,eletrônicos,07-08-2025,3026.01,5.46
28,Piloto Automático AIS Core,eletrônicos,06-18-2018,3798.53,3.75
28,Piloto Automático AIS Core,eletrônicos,08-30-2019,3445.84,4.14
28,Piloto Automático AIS Core,eletrônicos,09-11-2019,3509.8,4.06
28,Piloto Automático AIS Core,eletrônicos,12-03-2019,3394.73,4.2
28,Piloto Automático AIS Core,eletrônicos,01-29-2020,3394.33,4.2
28,Piloto Automático AIS Core,eletrônicos,08-14-2020,2648.03,5.39
28,Piloto Automático AIS Core,eletrônicos,09-02-2020,2653.5,5.37
28,Piloto Automático AIS Core,eletrônicos,03-14-2023,2723.39,5.24
28,Piloto Automático AIS Core,eletrônicos,11-21-2023,2921.84,4.88
28,Piloto Automático AIS Core,eletrônicos,05-14-2024,2776.74,5.14
28,Piloto Automático AIS Core,eletrônicos,08-26-2025,2630.15,5.42
29,Rádio Simrad Orca,eletrônicos,04-18-2017,11795.79,3.1
29,Rádio Simrad Orca,eletrônicos,03-29-2022,7689.63,4.75
29,Rádio Simrad Orca,eletrônicos,08-11-2025,6703.2,5.45
30,Transponder AIS Boost,eletrônicos,05-15-2018,8775.65,3.68
30,Transponder AIS Boost,eletrônicos,05-19-2020,5636.75,5.72
30,Transponder AIS Boost,eletrônicos,09-04-2023,6558.44,4.92
31,Transponder Furuno Pulse Axis,eletrônicos,01-15-2016,2050.48,4.04
31,Transponder Furuno Pulse Axis,eletrônicos,06-10-2016,2418.07,3.43
31,Transponder Furuno Pulse Axis,eletrônicos,07-18-2023,1724.43,4.8
31,Transponder Furuno Pulse Axis,eletrônicos,09-22-2023,1686.13,4.91
31,Transponder Furuno Pulse Axis,eletrônicos,07-03-2024,1482.91,5.59
31,Transponder Furuno Pulse Axis,eletrônicos,07-28-2025,1482.54,5.59
32,Sonda AIS Impulse Oceanic Zenith,eletrônicos,01-08-2016,3106.66,4.03
32,Sonda AIS Impulse Oceanic Zenith,eletrônicos,11-03-2020,2197.69,5.69
32,Sonda AIS Impulse Oceanic Zenith,eletrônicos,03-02-2021,2199.67,5.68
32,Sonda AIS Impulse Oceanic Zenith,eletrônicos,05-25-2022,2585.66,4.84
32,Sonda AIS Impulse Oceanic Zenith,eletrônicos,06-12-2023,2560.62,4.88
32,Sonda AIS Impulse Oceanic Zenith,eletrônicos,01-11-2024,2562.61,4.88
32,Sonda AIS Impulse Oceanic Zenith,eletrônicos,05-23-2024,2430.64,5.14
32,Sonda AIS Impulse Oceanic Zenith,eletrônicos,07-23-2024,2240.54,5.58
32,Sonda AIS Impulse Oceanic Zenith,eletrônicos,10-07-2024,2288.99,5.46
32,Sonda AIS Impulse Oceanic Zenith,eletrônicos,05-08-2025,2199.05,5.69
32,Sonda AIS Impulse Oceanic Zenith,eletrônicos,05-09-2025,2212.63,5.65
32,Sonda AIS Impulse Oceanic Zenith,eletrônicos,08-28-2025,2310.61,5.41
33,Transponder Garmin Drift Vortex Marlin,eletrônicos,09-20-2018,1638.35,4.1
33,Transponder Garmin Drift Vortex Marlin,eletrônicos,08-26-2020,1206.27,5.57
33,Transponder Garmin Drift Vortex Marlin,eletrônicos,09-10-2020,1268.8,5.29
33,Transponder Garmin Drift Vortex Marlin,eletrônicos,04-10-2024,1325.97,5.07
34,Transponder AIS Helix Torque,eletrônicos,12-02-2016,1419.45,3.47
34,Transponder AIS Helix Torque,eletrônicos,05-04-2018,1392.99,3.53
34,Transponder AIS Helix Torque,eletrônicos,05-14-2021,933.21,5.27
34,Transponder AIS Helix Torque,eletrônicos,08-02-2021,957.22,5.14
34,Transponder AIS Helix Torque,eletrônicos,08-09-2022,960.12,5.12
34,Transponder AIS Helix Torque,eletrônicos,08-02-2023,1022.84,4.81
34,Transponder AIS Helix Torque,eletrônicos,04-25-2024,951.66,5.17
35,Radar Furuno Swift,eletrônicos,08-28-2019,2648.55,4.16
35,Radar Furuno Swift,eletrônicos,02-13-2020,2536.83,4.34
35,Radar Furuno Swift,eletrônicos,02-21-2020,2505.93,4.39
35,Radar Furuno Swift,eletrônicos,04-29-2020,2027.36,5.43
35,Radar Furuno Swift,eletrônicos,03-09-2022,2197.24,5.01
35,Radar Furuno Swift,eletrônicos,04-07-2022,2321.06,4.74
35,Radar Furuno Swift,eletrônicos,05-05-2022,2199.13,5.01
35,Radar Furuno Swift,eletrônicos,02-15-2023,2106.85,5.22
35,Radar Furuno Swift,eletrônicos,09-30-2025,2069.49,5.32
36,Radar Lowrance Aqua Pulse,eletrônicos,07-20-2016,6952.99,3.25
36,Radar Lowrance Aqua Pulse,eletrônicos,10-24-2017,6961.99,3.25
36,Radar Lowrance Aqua Pulse,eletrônicos,04-25-2019,5690.32,3.97
36,Radar Lowrance Aqua Pulse,eletrônicos,01-17-2020,5403.02,4.18
36,Radar Lowrance Aqua Pulse,eletrônicos,07-17-2020,4224.24,5.35
36,Radar Lowrance Aqua Pulse,eletrônicos,11-26-2020,4248.78,5.32
36,Radar Lowrance Aqua Pulse,eletrônicos,03-12-2021,4062.51,5.56
36,Radar Lowrance Aqua Pulse,eletrônicos,03-19-2021,4103.67,5.51
36,Radar Lowrance Aqua Pulse,eletrônicos,05-06-2021,4273.2,5.29
36,Radar Lowrance Aqua Pulse,eletrônicos,05-10-2022,4398.53,5.14
36,Radar Lowrance Aqua Pulse,eletrônicos,09-26-2022,4221.25,5.35
36,Radar Lowrance Aqua Pulse,eletrônicos,06-02-2023,4561.15,4.96
36,Radar Lowrance Aqua Pulse,eletrônicos,06-22-2023,4733.87,4.78
36,Radar Lowrance Aqua Pulse,eletrônicos,10-11-2023,4476.41,5.05
36,Radar Lowrance Aqua Pulse,eletrônicos,07-10-2025,4077.69,5.54
37,GPS Lowrance Evo Storm Drift,eletrônicos,06-13-2016,1757.38,3.45
37,GPS Lowrance Evo Storm Drift,eletrônicos,06-12-2019,1578.86,3.84
37,GPS Lowrance Evo Storm Drift,eletrônicos,03-02-2020,1350.18,4.49
37,GPS Lowrance Evo Storm Drift,eletrônicos,07-19-2021,1167.5,5.2
37,GPS Lowrance Evo Storm Drift,eletrônicos,09-03-2021,1174.12,5.17
37,GPS Lowrance Evo Storm Drift,eletrônicos,06-15-2022,1187.12,5.11
37,GPS Lowrance Evo Storm Drift,eletrônicos,09-28-2022,1132.29,5.36
37,GPS Lowrance Evo Storm Drift,eletrônicos,03-09-2023,1181.71,5.14
37,GPS Lowrance Evo Storm Drift,eletrônicos,10-30-2023,1211.89,5.01
37,GPS Lowrance Evo Storm Drift,eletrônicos,12-11-2024,1006.02,6.03
37,GPS Lowrance Evo Storm Drift,eletrônicos,01-10-2025,995.38,6.1
37,GPS Lowrance Evo Storm Drift,eletrônicos,06-20-2025,1104.2,5.5
38,Rádio AIS Force,eletrônicos,01-16-2018,8214.43,3.22
38,Rádio AIS Force,eletrônicos,03-29-2018,7962.55,3.32
38,Rádio AIS Force,eletrônicos,08-21-2020,4720.31,5.61
38,Rádio AIS Force,eletrônicos,08-25-2020,4725.96,5.6
38,Rádio AIS Force,eletrônicos,10-21-2022,5097.21,5.19
38,Rádio AIS Force,eletrônicos,07-27-2023,5606.65,4.72
38,Rádio AIS Force,eletrônicos,08-30-2023,5439.42,4.87
38,Rádio AIS Force,eletrônicos,08-20-2024,4851.61,5.45
39,GPS Furuno Vector,eletrônicos,04-19-2016,8339.76,3.55
39,GPS Furuno Vector,eletrônicos,06-08-2020,6007.67,4.93
39,GPS Furuno Vector,eletrônicos,10-16-2020,5270.87,5.62
40,Sonda Furuno Maré Tidal,eletrônicos,02-22-2017,4602.52,3.08
40,Sonda Furuno Maré Tidal,eletrônicos,07-26-2018,3809.13,3.72
40,Sonda Furuno Maré Tidal,eletrônicos,08-02-2018,3768.44,3.76
40,Sonda Furuno Maré Tidal,eletrônicos,06-13-2019,3691.55,3.84
40,Sonda Furuno Maré Tidal,eletrônicos,07-30-2019,3743.08,3.79
40,Sonda Furuno Maré Tidal,eletrônicos,05-07-2020,2430.48,5.84
40,Sonda Furuno Maré Tidal,eletrônicos,12-29-2020,2731.06,5.19
40,Sonda Furuno Maré Tidal,eletrônicos,06-02-2022,2962.85,4.79
40,Sonda Furuno Maré Tidal,eletrônicos,12-23-2022,2757.45,5.14
40,Sonda Furuno Maré Tidal,eletrônicos,08-01-2023,2970.73,4.78
40,Sonda Furuno Maré Tidal,eletrônicos,01-19-2024,2881.94,4.92
40,Sonda Furuno Maré Tidal,eletrônicos,03-04-2024,2867.26,4.95
41,GPS Simrad Flow Pulse,eletrônicos,12-06-2017,3276.86,3.24
41,GPS Simrad Flow Pulse,eletrônicos,10-08-2020,1886.32,5.62
41,GPS Simrad Flow Pulse,eletrônicos,01-06-2023,2005.71,5.29
41,GPS Simrad Flow Pulse,eletrônicos,07-22-2024,1906.75,5.56
41,GPS Simrad Flow Pulse,eletrônicos,10-01-2024,1944.42,5.45
41,GPS Simrad Flow Pulse,eletrônicos,12-12-2024,1784.45,5.94
41,GPS Simrad Flow Pulse,eletrônicos,01-23-2025,1784.72,5.94
42,Transponder Lowrance Axis,eletrônicos,04-10-2017,1908.37,3.14
42,Transponder Lowrance Axis,eletrônicos,06-06-2017,1826.47,3.28
42,Transponder Lowrance Axis,eletrônicos,05-27-2022,1263.57,4.74
43,Sonda AIS Barracuda,eletrônicos,02-06-2018,10763.6,3.26
43,Sonda AIS Barracuda,eletrônicos,02-17-2021,6483.57,5.41
43,Sonda AIS Barracuda,eletrônicos,12-28-2021,6219.32,5.64
43,Sonda AIS Barracuda,eletrônicos,10-07-2025,6577.74,5.34
44,GPS Simrad Zen Hydra Peak,eletrônicos,03-24-2017,3455.31,3.13
44,GPS Simrad Zen Hydra Peak,eletrônicos,06-21-2017,3251.06,3.32
44,GPS Simrad Zen Hydra Peak,eletrônicos,08-29-2017,3410.28,3.17
44,GPS Simrad Zen Hydra Peak,eletrônicos,09-18-2017,3460.07,3.12
44,GPS Simrad Zen Hydra Peak,eletrônicos,10-25-2017,3337.4,3.24
44,GPS Simrad Zen Hydra Peak,eletrônicos,09-26-2019,2606.38,4.15
44,GPS Simrad Zen Hydra Peak,eletrônicos,01-17-2022,1963.02,5.51
44,GPS Simrad Zen Hydra Peak,eletrônicos,02-05-2024,2159.34,5.01
44,GPS Simrad Zen Hydra Peak,eletrônicos,02-19-2025,1893.25,5.71
44,GPS Simrad Zen Hydra Peak,eletrônicos,08-25-2025,1995.06,5.42
45,GPS Furuno Current,eletrônicos,05-17-2016,2827.13,3.5
45,GPS Furuno Current,eletrônicos,06-23-2017,2970.88,3.33
45,GPS Furuno Current,eletrônicos,11-08-2018,2649.11,3.74
45,GPS Furuno Current,eletrônicos,02-14-2019,2623.5,3.78
45,GPS Furuno Current,eletrônicos,05-22-2019,2462.26,4.02
45,GPS Furuno Current,eletrônicos,07-21-2020,1894.47,5.23
45,GPS Furuno Current,eletrônicos,11-17-2020,1835.31,5.4
45,GPS Furuno Current,eletrônicos,02-03-2022,1867.95,5.3
45,GPS Furuno Current,eletrônicos,02-14-2022,1900.9,5.21
45,GPS Furuno Current,eletrônicos,03-22-2023,1881.33,5.26
45,GPS Furuno Current,eletrônicos,05-19-2025,1750.24,5.66
46,Sonda AIS Magnum Boost,eletrônicos,10-06-2016,1542.77,3.23
46,Sonda AIS Magnum Boost,eletrônicos,11-14-2016,1447.09,3.44
46,Sonda AIS Magnum Boost,eletrônicos,12-20-2016,1484.15,3.36
46,Sonda AIS Magnum Boost,eletrônicos,12-26-2016,1524.32,3.27
46,Sonda AIS Magnum Boost,eletrônicos,06-25-2018,1320.06,3.78
46,Sonda AIS Magnum Boost,eletrônicos,09-11-2020,943.04,5.29
46,Sonda AIS Magnum Boost,eletrônicos,09-25-2020,895.38,5.57
46,Sonda AIS Magnum Boost,eletrônicos,05-04-2021,914.47,5.45
46,Sonda AIS Magnum Boost,eletrônicos,08-20-2021,918.36,5.43
46,Sonda AIS Magnum Boost,eletrônicos,12-02-2022,959.01,5.2
46,Sonda AIS Magnum Boost,eletrônicos,05-24-2023,1007.47,4.95
46,Sonda AIS Magnum Boost,eletrônicos,08-15-2023,1000.64,4.98
46,Sonda AIS Magnum Boost,eletrônicos,07-08-2025,913.36,5.46
47,Rádio Simrad Tidal Aqua,eletrônicos,01-04-2016,1516.33,4.04
47,Rádio Simrad Tidal Aqua,eletrônicos,01-08-2016,1521.46,4.03
47,Rádio Simrad Tidal Aqua,eletrônicos,11-25-2016,1786.53,3.43
47,Rádio Simrad Tidal Aqua,eletrônicos,10-27-2017,1867.04,3.28
47,Rádio Simrad Tidal Aqua,eletrônicos,09-18-2018,1480.3,4.14
47,Rádio Simrad Tidal Aqua,eletrônicos,05-10-2019,1547.3,3.96
47,Rádio Simrad Tidal Aqua,eletrônicos,05-15-2019,1529.78,4.0
47,Rádio Simrad Tidal Aqua,eletrônicos,06-24-2019,1601.7,3.82
47,Rádio Simrad Tidal Aqua,eletrônicos,11-07-2019,1496.29,4.09
47,Rádio Simrad Tidal Aqua,eletrônicos,07-04-2024,1116.66,5.48
47,Rádio Simrad Tidal Aqua,eletrônicos,11-13-2025,1159.34,5.28
48,GPS Furuno Magnum Drift,eletrônicos,02-03-2017,4717.9,3.12
48,GPS Furuno Magnum Drift,eletrônicos,02-13-2017,4727.89,3.12
48,GPS Furuno Magnum Drift,eletrônicos,12-03-2018,3849.72,3.83
48,GPS Furuno Magnum Drift,eletrônicos,07-21-2020,2818.9,5.23
48,GPS Furuno Magnum Drift,eletrônicos,08-10-2020,2732.65,5.39
48,GPS Furuno Magnum Drift,eletrônicos,12-31-2020,2836.04,5.2
48,GPS Furuno Magnum Drift,eletrônicos,08-03-2023,3020.3,4.88
48,GPS Furuno Magnum Drift,eletrônicos,03-15-2024,2951.34,4.99
48,GPS Furuno Magnum Drift,eletrônicos,03-20-2024,2940.57,5.01
48,GPS Furuno Magnum Drift,eletrônicos,09-12-2024,2605.99,5.66
48,GPS Furuno Magnum Drift,eletrônicos,09-08-2025,2715.28,5.43
49,Sonda Furuno Swift,eletrônicos,06-22-2016,3915.41,3.39
49,Sonda Furuno Swift,eletrônicos,08-14-2020,2463.37,5.39
49,Sonda Furuno Swift,eletrônicos,06-07-2021,2627.0,5.05
49,Sonda Furuno Swift,eletrônicos,09-11-2024,2352.61,5.64
50,Piloto Automático Simrad Poseidon Magnum,eletrônicos,05-19-2016,3132.48,3.6
50,Piloto Automático Simrad Poseidon Magnum,eletrônicos,08-03-2016,3445.47,3.27
50,Piloto Automático Simrad Poseidon Magnum,eletrônicos,10-24-2017,3473.38,3.25
50,Piloto Automático Simrad Poseidon Magnum,eletrônicos,04-11-2019,2936.99,3.84
50,Piloto Automático Simrad Poseidon Magnum,eletrônicos,04-24-2020,1995.61,5.65
50,Piloto Automático Simrad Poseidon Magnum,eletrônicos,12-23-2020,2179.61,5.17
50,Piloto Automático Simrad Poseidon Magnum,eletrônicos,07-31-2023,2378.45,4.74
50,Piloto Automático Simrad Poseidon Magnum,eletrônicos,12-29-2025,2023.22,5.57
51,Motor Diesel Tohatsu Evo Zenith 16HP,propulsão,04-20-2016,18074.48,3.55
51,Motor Diesel Tohatsu Evo Zenith 16HP,propulsão,02-07-2017,20499.39,3.13
51,Motor Diesel Tohatsu Evo Zenith 16HP,propulsão,02-21-2017,20720.51,3.1
51,Motor Diesel Tohatsu Evo Zenith 16HP,propulsão,03-28-2017,20500.04,3.13
51,Motor Diesel Tohatsu Evo Zenith 16HP,propulsão,05-09-2017,20143.48,3.19
51,Motor Diesel Tohatsu Evo Zenith 16HP,propulsão,05-15-2018,17459.65,3.68
51,Motor Diesel Tohatsu Evo Zenith 16HP,propulsão,05-29-2018,17208.64,3.73
51,Motor Diesel Tohatsu Evo Zenith 16HP,propulsão,12-07-2018,16468.76,3.9
51,Motor Diesel Tohatsu Evo Zenith 16HP,propulsão,04-23-2019,16271.62,3.94
51,Motor Diesel Tohatsu Evo Zenith 16HP,propulsão,08-06-2020,12009.17,5.34
51,Motor Diesel Tohatsu Evo Zenith 16HP,propulsão,12-18-2020,12585.13,5.1
51,Motor Diesel Tohatsu Evo Zenith 16HP,propulsão,03-17-2021,11340.92,5.66
51,Motor Diesel Tohatsu Evo Zenith 16HP,propulsão,09-22-2021,12156.62,5.28
51,Motor Diesel Tohatsu Evo Zenith 16HP,propulsão,08-04-2022,12243.38,5.24
51,Motor Diesel Tohatsu Evo Zenith 16HP,propulsão,10-01-2024,11769.05,5.45
52,Motor Diesel Honda Zen Tidal Mako 26HP,propulsão,11-19-2018,3649.85,3.76
52,Motor Diesel Honda Zen Tidal Mako 26HP,propulsão,09-10-2020,2589.1,5.29
52,Motor Diesel Honda Zen Tidal Mako 26HP,propulsão,01-11-2023,2634.69,5.2
52,Motor Diesel Honda Zen Tidal Mako 26HP,propulsão,07-29-2024,2426.66,5.65
52,Motor Diesel Honda Zen Tidal Mako 26HP,propulsão,11-14-2025,2588.32,5.3
53,Motor Elétrico Torqeedo Zen Titan Hydra 129HP,propulsão,02-14-2018,16499.65,3.25
53,Motor Elétrico Torqeedo Zen Titan Hydra 129HP,propulsão,06-12-2019,13966.59,3.84
53,Motor Elétrico Torqeedo Zen Titan Hydra 129HP,propulsão,12-02-2019,12702.64,4.23
53,Motor Elétrico Torqeedo Zen Titan Hydra 129HP,propulsão,12-03-2019,12779.16,4.2
53,Motor Elétrico Torqeedo Zen Titan Hydra 129HP,propulsão,09-17-2020,10206.9,5.26
53,Motor Elétrico Torqeedo Zen Titan Hydra 129HP,propulsão,12-24-2020,10364.97,5.18
53,Motor Elétrico Torqeedo Zen Titan Hydra 129HP,propulsão,07-19-2022,9958.63,5.39
53,Motor Elétrico Torqeedo Zen Titan Hydra 129HP,propulsão,01-02-2023,10045.86,5.34
53,Motor Elétrico Torqeedo Zen Titan Hydra 129HP,propulsão,07-26-2023,11332.93,4.74
53,Motor Elétrico Torqeedo Zen Titan Hydra 129HP,propulsão,06-28-2024,9656.73,5.56
53,Motor Elétrico Torqeedo Zen Titan Hydra 129HP,propulsão,08-06-2024,9496.3,5.65
53,Motor Elétrico Torqeedo Zen Titan Hydra 129HP,propulsão,03-20-2025,9479.53,5.66
53,Motor Elétrico Torqeedo Zen Titan Hydra 129HP,propulsão,09-26-2025,10044.16,5.34
54,Motor de Popa Yamaha Evo Dash 155HP,propulsão,05-16-2016,34695.49,3.5
54,Motor de Popa Yamaha Evo Dash 155HP,propulsão,09-28-2017,38140.54,3.19
54,Motor de Popa Yamaha Evo Dash 155HP,propulsão,02-12-2019,32591.8,3.73
54,Motor de Popa Yamaha Evo Dash 155HP,propulsão,08-06-2021,23191.9,5.24
55,Motor Diesel Volvo Flow Oceanic 259HP,propulsão,01-19-2021,20776.21,5.29
55,Motor Diesel Volvo Flow Oceanic 259HP,propulsão,04-14-2022,23326.09,4.72
55,Motor Diesel Volvo Flow Oceanic 259HP,propulsão,02-06-2024,22138.68,4.97
56,Motor Elétrico Torqeedo Velocity Swift 74HP,propulsão,12-07-2016,12685.17,3.39
56,Motor Elétrico Torqeedo Velocity Swift 74HP,propulsão,12-19-2022,8087.59,5.32
56,Motor Elétrico Torqeedo Velocity Swift 74HP,propulsão,01-31-2025,7374.35,5.83
57,Motor de Popa Honda Vector Kinetic 174HP,propulsão,11-17-2017,36236.52,3.28
57,Motor de Popa Honda Vector Kinetic 174HP,propulsão,03-02-2018,36429.89,3.26
57,Motor de Popa Honda Vector Kinetic 174HP,propulsão,08-24-2018,29081.12,4.09
57,Motor de Popa Honda Vector Kinetic 174HP,propulsão,01-09-2019,32170.77,3.69
57,Motor de Popa Honda Vector Kinetic 174HP,propulsão,05-26-2020,22120.74,5.37
57,Motor de Popa Honda Vector Kinetic 174HP,propulsão,08-14-2020,22061.17,5.39
57,Motor de Popa Honda Vector Kinetic 174HP,propulsão,11-22-2021,21275.29,5.58
57,Motor de Popa Honda Vector Kinetic 174HP,propulsão,12-16-2022,22497.79,5.28
57,Motor de Popa Honda Vector Kinetic 174HP,propulsão,03-22-2024,23810.02,4.99
57,Motor de Popa Honda Vector Kinetic 174HP,propulsão,11-26-2024,20486.78,5.8
58,Motor de Popa Tohatsu Ion Core Nautic 53HP,propulsão,11-16-2017,33176.21,3.28
58,Motor de Popa Tohatsu Ion Core Nautic 53HP,propulsão,05-08-2019,27663.99,3.93
58,Motor de Popa Tohatsu Ion Core Nautic 53HP,propulsão,02-19-2021,20183.35,5.39
58,Motor de Popa Tohatsu Ion Core Nautic 53HP,propulsão,07-13-2022,20157.55,5.4
58,Motor de Popa Tohatsu Ion Core Nautic 53HP,propulsão,07-30-2024,19252.13,5.65
58,Motor de Popa Tohatsu Ion Core Nautic 53HP,propulsão,08-23-2024,19694.26,5.53
58,Motor de Popa Tohatsu Ion Core Nautic 53HP,propulsão,07-30-2025,19423.25,5.6
58,Motor de Popa Tohatsu Ion Core Nautic 53HP,propulsão,11-27-2025,20347.13,5.35
59,Motor Diesel Yanmar Hydro Magnum Boost 267HP,propulsão,09-25-2017,27754.61,3.14
59,Motor Diesel Yanmar Hydro Magnum Boost 267HP,propulsão,10-31-2017,26605.05,3.28
59,Motor Diesel Yanmar Hydro Magnum Boost 267HP,propulsão,03-20-2019,23004.44,3.79
59,Motor Diesel Yanmar Hydro Magnum Boost 267HP,propulsão,06-14-2019,22461.45,3.88
59,Motor Diesel Yanmar Hydro Magnum Boost 267HP,propulsão,07-26-2019,23099.55,3.77
59,Motor Diesel Yanmar Hydro Magnum Boost 267HP,propulsão,08-10-2021,16694.98,5.22
59,Motor Diesel Yanmar Hydro Magnum Boost 267HP,propulsão,09-08-2023,17493.05,4.98
59,Motor Diesel Yanmar Hydro Magnum Boost 267HP,propulsão,09-14-2023,17882.07,4.88
59,Motor Diesel Yanmar Hydro Magnum Boost 267HP,propulsão,03-08-2024,17522.59,4.98
59,Motor Diesel Yanmar Hydro Magnum Boost 267HP,propulsão,09-04-2024,15467.88,5.64
59,Motor Diesel Yanmar Hydro Magnum Boost 267HP,propulsão,10-16-2024,15361.57,5.67
59,Motor Diesel Yanmar Hydro Magnum Boost 267HP,propulsão,01-07-2025,14351.88,6.07
60,Motor de Popa Honda Velocity Drift 258HP,propulsão,02-01-2016,27202.05,4.0
60,Motor de Popa Honda Velocity Drift 258HP,propulsão,07-20-2018,28780.03,3.78
60,Motor de Popa Honda Velocity Drift 258HP,propulsão,08-22-2018,26697.87,4.07
60,Motor de Popa Honda Velocity Drift 258HP,propulsão,09-21-2018,26705.73,4.07
60,Motor de Popa Honda Velocity Drift 258HP,propulsão,02-01-2021,19917.05,5.46
60,Motor de Popa Honda Velocity Drift 258HP,propulsão,03-24-2021,19657.13,5.53
60,Motor de Popa Honda Velocity Drift 258HP,propulsão,04-15-2021,19341.09,5.62
60,Motor de Popa Honda Velocity Drift 258HP,propulsão,08-09-2023,22190.02,4.9
60,Motor de Popa Honda Velocity Drift 258HP,propulsão,12-22-2023,22370.78,4.86
60,Motor de Popa Honda Velocity Drift 258HP,propulsão,08-27-2024,19786.24,5.5
60,Motor de Popa Honda Velocity Drift 258HP,propulsão,04-29-2025,19261.28,5.65
61,Motor Diesel Honda Prime 84HP,propulsão,12-06-2018,7152.72,3.92
61,Motor Diesel Honda Prime 84HP,propulsão,02-13-2020,6458.44,4.34
61,Motor Diesel Honda Prime 84HP,propulsão,11-04-2022,5564.33,5.04
61,Motor Diesel Honda Prime 84HP,propulsão,01-23-2023,5396.92,5.19
61,Motor Diesel Honda Prime 84HP,propulsão,08-26-2024,5102.18,5.49
62,Motor Diesel Yanmar Velocity 37HP,propulsão,08-21-2018,25640.75,3.99
62,Motor Diesel Yanmar Velocity 37HP,propulsão,12-24-2019,25058.7,4.08
62,Motor Diesel Yanmar Velocity 37HP,propulsão,02-21-2022,20047.06,5.1
62,Motor Diesel Yanmar Velocity 37HP,propulsão,07-04-2022,19275.53,5.3
62,Motor Diesel Yanmar Velocity 37HP,propulsão,01-03-2023,19016.98,5.38
62,Motor Diesel Yanmar Velocity 37HP,propulsão,01-16-2023,20000.78,5.11
63,Motor Elétrico Torqeedo Ion Orca Vox 186HP,propulsão,02-16-2017,45881.74,3.05
63,Motor Elétrico Torqeedo Ion Orca Vox 186HP,propulsão,05-30-2017,42862.12,3.27
63,Motor Elétrico Torqeedo Ion Orca Vox 186HP,propulsão,03-21-2018,42520.94,3.29
63,Motor Elétrico Torqeedo Ion Orca Vox 186HP,propulsão,07-15-2021,27445.91,5.1
63,Motor Elétrico Torqeedo Ion Orca Vox 186HP,propulsão,07-29-2021,27618.14,5.07
63,Motor Elétrico Torqeedo Ion Orca Vox 186HP,propulsão,05-15-2025,24849.56,5.63
64,Motor Elétrico Yamaha Swift Drift Current 265HP,propulsão,12-15-2016,32966.4,3.38
64,Motor Elétrico Yamaha Swift Drift Current 265HP,propulsão,01-13-2017,34815.02,3.2
64,Motor Elétrico Yamaha Swift Drift Current 265HP,propulsão,01-19-2017,34729.36,3.21
64,Motor Elétrico Yamaha Swift Drift Current 265HP,propulsão,12-17-2020,22034.06,5.06
64,Motor Elétrico Yamaha Swift Drift Current 265HP,propulsão,08-09-2021,21131.28,5.28
64,Motor Elétrico Yamaha Swift Drift Current 265HP,propulsão,07-14-2022,20436.49,5.46
64,Motor Elétrico Yamaha Swift Drift Current 265HP,propulsão,09-06-2022,21352.22,5.22
64,Motor Elétrico Yamaha Swift Drift Current 265HP,propulsão,02-26-2025,19307.99,5.78
65,Motor de Popa Torqeedo Nautic Swift 223HP,propulsão,01-27-2016,6319.75,4.04
65,Motor de Popa Torqeedo Nautic Swift 223HP,propulsão,12-07-2016,7541.59,3.39
65,Motor de Popa Torqeedo Nautic Swift 223HP,propulsão,06-13-2022,5008.66,5.1
65,Motor de Popa Torqeedo Nautic Swift 223HP,propulsão,08-11-2023,5225.24,4.89
65,Motor de Popa Torqeedo Nautic Swift 223HP,propulsão,05-17-2024,4996.52,5.12
65,Motor de Popa Torqeedo Nautic Swift 223HP,propulsão,01-13-2025,4184.78,6.11
66,Motor de Popa Tohatsu Poseidon Helix Prime 135HP,propulsão,10-04-2018,3220.11,3.9
66,Motor de Popa Tohatsu Poseidon Helix Prime 135HP,propulsão,01-05-2021,2360.29,5.33
66,Motor de Popa Tohatsu Poseidon Helix Prime 135HP,propulsão,07-08-2024,2297.7,5.47
66,Motor de Popa Tohatsu Poseidon Helix Prime 135HP,propulsão,02-14-2025,2194.88,5.73
67,Motor de Popa Yamaha Mako 108HP,propulsão,05-12-2017,27422.66,3.13
67,Motor de Popa Yamaha Mako 108HP,propulsão,08-10-2018,22302.57,3.85
67,Motor de Popa Yamaha Mako 108HP,propulsão,02-26-2019,22822.91,3.76
67,Motor de Popa Yamaha Mako 108HP,propulsão,10-15-2019,20681.03,4.15
67,Motor de Popa Yamaha Mako 108HP,propulsão,06-17-2022,16720.73,5.13
68,Motor de Popa Honda Ion Vox Prime 163HP,propulsão,05-02-2016,19121.65,3.5
68,Motor de Popa Honda Ion Vox Prime 163HP,propulsão,12-04-2017,20583.72,3.25
68,Motor de Popa Honda Ion Vox Prime 163HP,propulsão,02-20-2019,18034.48,3.71
68,Motor de Popa Honda Ion Vox Prime 163HP,propulsão,05-13-2020,11335.42,5.9
68,Motor de Popa Honda Ion Vox Prime 163HP,propulsão,10-27-2020,11843.55,5.65
68,Motor de Popa Honda Ion Vox Prime 163HP,propulsão,03-18-2021,12060.49,5.55
68,Motor de Popa Honda Ion Vox Prime 163HP,propulsão,08-24-2021,12619.48,5.3
68,Motor de Popa Honda Ion Vox Prime 163HP,propulsão,09-10-2021,12827.33,5.22
68,Motor de Popa Honda Ion Vox Prime 163HP,propulsão,12-30-2021,11988.94,5.58
68,Motor de Popa Honda Ion Vox Prime 163HP,propulsão,04-18-2023,13467.77,4.97
68,Motor de Popa Honda Ion Vox Prime 163HP,propulsão,04-26-2023,13226.26,5.06
68,Motor de Popa Honda Ion Vox Prime 163HP,propulsão,06-21-2023,13998.43,4.78
68,Motor de Popa Honda Ion Vox Prime 163HP,propulsão,04-04-2024,13317.89,5.02
68,Motor de Popa Honda Ion Vox Prime 163HP,propulsão,10-20-2025,12442.5,5.38
69,Motor de Popa Torqeedo Ultra Impulse 292HP,propulsão,08-16-2016,14259.84,3.17
69,Motor de Popa Torqeedo Ultra Impulse 292HP,propulsão,08-01-2017,14529.44,3.12
69,Motor de Popa Torqeedo Ultra Impulse 292HP,propulsão,11-13-2018,11979.31,3.78
69,Motor de Popa Torqeedo Ultra Impulse 292HP,propulsão,03-11-2020,9686.09,4.67
69,Motor de Popa Torqeedo Ultra Impulse 292HP,propulsão,04-03-2020,8542.02,5.3
69,Motor de Popa Torqeedo Ultra Impulse 292HP,propulsão,05-15-2023,9219.51,4.91
69,Motor de Popa Torqeedo Ultra Impulse 292HP,propulsão,04-18-2024,8620.92,5.25
69,Motor de Popa Torqeedo Ultra Impulse 292HP,propulsão,10-11-2024,8046.11,5.63
69,Motor de Popa Torqeedo Ultra Impulse 292HP,propulsão,07-15-2025,8145.73,5.56
69,Motor de Popa Torqeedo Ultra Impulse 292HP,propulsão,08-13-2025,8394.54,5.39
70,Motor Diesel Parsun Boost Helix Velocity 146HP,propulsão,10-11-2018,9172.7,3.75
70,Motor Diesel Parsun Boost Helix Velocity 146HP,propulsão,12-18-2018,8811.12,3.9
70,Motor Diesel Parsun Boost Helix Velocity 146HP,propulsão,08-26-2019,8306.24,4.14
70,Motor Diesel Parsun Boost Helix Velocity 146HP,propulsão,01-20-2020,8214.48,4.18
70,Motor Diesel Parsun Boost Helix Velocity 146HP,propulsão,04-07-2021,6150.49,5.59
70,Motor Diesel Parsun Boost Helix Velocity 146HP,propulsão,01-25-2022,6250.42,5.5
70,Motor Diesel Parsun Boost Helix Velocity 146HP,propulsão,06-08-2022,7053.78,4.87
70,Motor Diesel Parsun Boost Helix Velocity 146HP,propulsão,11-09-2022,6655.06,5.16
70,Motor Diesel Parsun Boost Helix Velocity 146HP,propulsão,07-29-2024,6083.51,5.65
70,Motor Diesel Parsun Boost Helix Velocity 146HP,propulsão,11-06-2024,5960.14,5.76
70,Motor Diesel Parsun Boost Helix Velocity 146HP,propulsão,12-31-2024,5548.63,6.19
70,Motor Diesel Parsun Boost Helix Velocity 146HP,propulsão,12-29-2025,6164.29,5.57
71,Motor Elétrico Torqeedo Pulse 300HP,propulsão,01-24-2018,40725.21,3.2
71,Motor Elétrico Torqeedo Pulse 300HP,propulsão,01-06-2020,32103.69,4.06
71,Motor Elétrico Torqeedo Pulse 300HP,propulsão,03-05-2020,28175.59,4.62
71,Motor Elétrico Torqeedo Pulse 300HP,propulsão,09-04-2020,24634.58,5.28
71,Motor Elétrico Torqeedo Pulse 300HP,propulsão,07-04-2022,24546.32,5.3
71,Motor Elétrico Torqeedo Pulse 300HP,propulsão,08-15-2022,25564.93,5.09
71,Motor Elétrico Torqeedo Pulse 300HP,propulsão,11-29-2022,24528.75,5.31
71,Motor Elétrico Torqeedo Pulse 300HP,propulsão,04-04-2023,25647.03,5.08
71,Motor Elétrico Torqeedo Pulse 300HP,propulsão,06-30-2023,27014.91,4.82
71,Motor Elétrico Torqeedo Pulse 300HP,propulsão,07-26-2023,27484.92,4.74
71,Motor Elétrico Torqeedo Pulse 300HP,propulsão,08-29-2024,23100.17,5.64
72,Motor de Popa Volvo Hydro Dash 256HP,propulsão,05-19-2017,30319.01,3.29
72,Motor de Popa Volvo Hydro Dash 256HP,propulsão,03-09-2018,30675.48,3.25
72,Motor de Popa Volvo Hydro Dash 256HP,propulsão,03-11-2025,17083.12,5.83
73,Motor de Popa Torqeedo Core Hydra Flux 162HP,propulsão,12-02-2016,41323.15,3.47
73,Motor de Popa Torqeedo Core Hydra Flux 162HP,propulsão,08-10-2017,45394.28,3.15
73,Motor de Popa Torqeedo Core Hydra Flux 162HP,propulsão,01-12-2018,44470.65,3.22
73,Motor de Popa Torqeedo Core Hydra Flux 162HP,propulsão,06-12-2018,38652.18,3.7
73,Motor de Popa Torqeedo Core Hydra Flux 162HP,propulsão,10-29-2018,39370.75,3.64
73,Motor de Popa Torqeedo Core Hydra Flux 162HP,propulsão,12-11-2018,36701.09,3.9
73,Motor de Popa Torqeedo Core Hydra Flux 162HP,propulsão,06-11-2019,37032.42,3.87
73,Motor de Popa Torqeedo Core Hydra Flux 162HP,propulsão,04-12-2021,25304.0,5.66
73,Motor de Popa Torqeedo Core Hydra Flux 162HP,propulsão,07-12-2021,27407.95,5.22
73,Motor de Popa Torqeedo Core Hydra Flux 162HP,propulsão,01-20-2023,27541.35,5.2
73,Motor de Popa Torqeedo Core Hydra Flux 162HP,propulsão,03-22-2024,28694.54,4.99
73,Motor de Popa Torqeedo Core Hydra Flux 162HP,propulsão,08-21-2024,26171.36,5.47
73,Motor de Popa Torqeedo Core Hydra Flux 162HP,propulsão,10-10-2024,25649.93,5.58
73,Motor de Popa Torqeedo Core Hydra Flux 162HP,propulsão,12-17-2025,25987.97,5.51
74,Motor de Popa Honda Torque 228HP,propulsão,08-15-2016,27334.86,3.17
74,Motor de Popa Honda Torque 228HP,propulsão,12-19-2018,22250.99,3.89
74,Motor de Popa Honda Torque 228HP,propulsão,04-05-2023,17160.36,5.04
74,Motor de Popa Honda Torque 228HP,propulsão,01-24-2025,14691.11,5.89
74,Motor de Popa Honda Torque 228HP,propulsão,06-26-2025,15698.25,5.51
75,Motor Diesel Volvo Flow Leviathan Maré 187HP,propulsão,05-23-2016,9190.66,3.57
75,Motor Diesel Volvo Flow Leviathan Maré 187HP,propulsão,07-31-2020,6298.34,5.2
75,Motor Diesel Volvo Flow Leviathan Maré 187HP,propulsão,02-07-2022,6193.58,5.29
75,Motor Diesel Volvo Flow Leviathan Maré 187HP,propulsão,08-28-2024,5924.6,5.53
76,Motor Diesel Honda Aero 205HP,propulsão,02-18-2016,36971.92,4.01
76,Motor Diesel Honda Aero 205HP,propulsão,06-21-2016,43727.9,3.39
76,Motor Diesel Honda Aero 205HP,propulsão,10-26-2016,47479.65,3.12
76,Motor Diesel Honda Aero 205HP,propulsão,12-21-2016,44516.0,3.33
76,Motor Diesel Honda Aero 205HP,propulsão,02-16-2017,48583.21,3.05
76,Motor Diesel Honda Aero 205HP,propulsão,11-19-2018,39470.06,3.76
76,Motor Diesel Honda Aero 205HP,propulsão,09-12-2019,36603.0,4.05
76,Motor Diesel Honda Aero 205HP,propulsão,01-08-2020,36442.79,4.07
76,Motor Diesel Honda Aero 205HP,propulsão,12-16-2020,29029.45,5.11
76,Motor Diesel Honda Aero 205HP,propulsão,07-04-2022,27945.06,5.3
76,Motor Diesel Honda Aero 205HP,propulsão,04-15-2024,28642.87,5.17
76,Motor Diesel Honda Aero 205HP,propulsão,07-24-2024,26304.27,5.63
76,Motor Diesel Honda Aero 205HP,propulsão,08-23-2024,26819.81,5.53
76,Motor Diesel Honda Aero 205HP,propulsão,11-13-2025,28060.41,5.28
77,Motor Diesel Tohatsu Vector 197HP,propulsão,06-07-2016,12868.73,3.47
77,Motor Diesel Tohatsu Vector 197HP,propulsão,11-22-2016,13356.64,3.35
77,Motor Diesel Tohatsu Vector 197HP,propulsão,01-09-2017,13930.59,3.21
77,Motor Diesel Tohatsu Vector 197HP,propulsão,07-25-2017,14169.47,3.16
77,Motor Diesel Tohatsu Vector 197HP,propulsão,10-23-2017,13971.52,3.2
77,Motor Diesel Tohatsu Vector 197HP,propulsão,10-22-2020,8009.58,5.58
77,Motor Diesel Tohatsu Vector 197HP,propulsão,07-29-2022,8617.27,5.19
77,Motor Diesel Tohatsu Vector 197HP,propulsão,02-02-2023,8959.75,4.99
77,Motor Diesel Tohatsu Vector 197HP,propulsão,12-16-2024,7388.71,6.05
77,Motor Diesel Tohatsu Vector 197HP,propulsão,12-30-2024,7220.1,6.19
77,Motor Diesel Tohatsu Vector 197HP,propulsão,04-01-2025,7836.74,5.71
77,Motor Diesel Tohatsu Vector 197HP,propulsão,07-23-2025,8050.4,5.55
78,Motor Elétrico Honda Mako Axis 131HP,propulsão,12-22-2016,36569.43,3.33
78,Motor Elétrico Honda Mako Axis 131HP,propulsão,07-06-2022,22417.67,5.43
78,Motor Elétrico Honda Mako Axis 131HP,propulsão,10-14-2022,23053.04,5.28
78,Motor Elétrico Honda Mako Axis 131HP,propulsão,07-18-2023,25349.04,4.8
78,Motor Elétrico Honda Mako Axis 131HP,propulsão,03-27-2024,24425.59,4.99
79,Motor Diesel Tohatsu Zenith 60HP,propulsão,02-12-2016,16584.81,3.99
79,Motor Diesel Tohatsu Zenith 60HP,propulsão,11-05-2018,17857.26,3.7
79,Motor Diesel Tohatsu Zenith 60HP,propulsão,10-03-2019,16131.02,4.1
79,Motor Diesel Tohatsu Zenith 60HP,propulsão,12-23-2020,12785.95,5.17
79,Motor Diesel Tohatsu Zenith 60HP,propulsão,10-21-2021,11724.63,5.64
79,Motor Diesel Tohatsu Zenith 60HP,propulsão,02-27-2024,13344.4,4.96
79,Motor Diesel Tohatsu Zenith 60HP,propulsão,07-18-2024,11935.56,5.54
79,Motor Diesel Tohatsu Zenith 60HP,propulsão,09-13-2024,11873.21,5.57
79,Motor Diesel Tohatsu Zenith 60HP,propulsão,11-27-2024,11348.86,5.83
79,Motor Diesel Tohatsu Zenith 60HP,propulsão,01-15-2025,10956.73,6.04
79,Motor Diesel Tohatsu Zenith 60HP,propulsão,01-27-2025,11161.01,5.93
79,Motor Diesel Tohatsu Zenith 60HP,propulsão,11-24-2025,12262.59,5.39
80,Motor de Popa Volvo Maré 69HP,propulsão,09-26-2019,31166.06,4.15
80,Motor de Popa Volvo Maré 69HP,propulsão,07-14-2021,25400.76,5.09
80,Motor de Popa Volvo Maré 69HP,propulsão,07-16-2021,25370.34,5.09
80,Motor de Popa Volvo Maré 69HP,propulsão,06-22-2022,25090.55,5.15
80,Motor de Popa Volvo Maré 69HP,propulsão,10-28-2022,24177.04,5.35
80,Motor de Popa Volvo Maré 69HP,propulsão,11-07-2025,24126.48,5.36
81,Motor Elétrico Torqeedo Barracuda Magnum Helix 101HP,propulsão,05-16-2016,34870.68,3.5
81,Motor Elétrico Torqeedo Barracuda Magnum Helix 101HP,propulsão,06-28-2016,36724.24,3.33
81,Motor Elétrico Torqeedo Barracuda Magnum Helix 101HP,propulsão,07-22-2016,37185.97,3.29
81,Motor Elétrico Torqeedo Barracuda Magnum Helix 101HP,propulsão,08-17-2016,37884.9,3.22
81,Motor Elétrico Torqeedo Barracuda Magnum Helix 101HP,propulsão,09-27-2016,37756.09,3.24
81,Motor Elétrico Torqeedo Barracuda Magnum Helix 101HP,propulsão,10-03-2016,37779.44,3.23
81,Motor Elétrico Torqeedo Barracuda Magnum Helix 101HP,propulsão,06-16-2017,37143.01,3.29
81,Motor Elétrico Torqeedo Barracuda Magnum Helix 101HP,propulsão,06-24-2021,24791.15,4.93
81,Motor Elétrico Torqeedo Barracuda Magnum Helix 101HP,propulsão,08-02-2022,23345.09,5.23
81,Motor Elétrico Torqeedo Barracuda Magnum Helix 101HP,propulsão,05-09-2024,23685.5,5.16
81,Motor Elétrico Torqeedo Barracuda Magnum Helix 101HP,propulsão,05-14-2025,21775.68,5.61
82,Motor Elétrico Volvo Nautic Vox 118HP,propulsão,06-12-2017,15656.17,3.3
82,Motor Elétrico Volvo Nautic Vox 118HP,propulsão,11-20-2017,15834.78,3.26
82,Motor Elétrico Volvo Nautic Vox 118HP,propulsão,09-11-2020,9770.29,5.29
82,Motor Elétrico Volvo Nautic Vox 118HP,propulsão,11-07-2025,9640.23,5.36
83,Motor Diesel Yanmar Dash Nitro 184HP,propulsão,10-31-2018,36265.87,3.72
83,Motor Diesel Yanmar Dash Nitro 184HP,propulsão,01-25-2019,35839.7,3.76
83,Motor Diesel Yanmar Dash Nitro 184HP,propulsão,11-19-2025,25272.57,5.33
84,Motor de Popa Torqeedo Zenith Peak Thrust 212HP,propulsão,03-07-2016,11515.83,3.77
84,Motor de Popa Torqeedo Zenith Peak Thrust 212HP,propulsão,08-13-2019,10929.75,3.97
84,Motor de Popa Torqeedo Zenith Peak Thrust 212HP,propulsão,02-04-2020,10247.52,4.24
84,Motor de Popa Torqeedo Zenith Peak Thrust 212HP,propulsão,02-12-2020,10014.73,4.34
84,Motor de Popa Torqeedo Zenith Peak Thrust 212HP,propulsão,04-28-2021,8041.61,5.4
84,Motor de Popa Torqeedo Zenith Peak Thrust 212HP,propulsão,04-11-2023,8663.64,5.01
84,Motor de Popa Torqeedo Zenith Peak Thrust 212HP,propulsão,08-10-2023,8951.16,4.85
84,Motor de Popa Torqeedo Zenith Peak Thrust 212HP,propulsão,05-14-2024,8456.45,5.14
85,Motor de Popa Parsun Impulse 162HP,propulsão,07-28-2016,11785.51,3.27
85,Motor de Popa Parsun Impulse 162HP,propulsão,12-23-2022,7499.89,5.14
85,Motor de Popa Parsun Impulse 162HP,propulsão,11-23-2023,7885.27,4.89
85,Motor de Popa Parsun Impulse 162HP,propulsão,01-07-2025,6351.97,6.07
86,Motor Diesel Volvo Helix Evo Force 144HP,propulsão,04-25-2018,26694.96,3.5
86,Motor Diesel Volvo Helix Evo Force 144HP,propulsão,02-18-2019,25066.5,3.73
86,Motor Diesel Volvo Helix Evo Force 144HP,propulsão,03-08-2019,24183.68,3.87
86,Motor Diesel Volvo Helix Evo Force 144HP,propulsão,09-05-2019,22892.6,4.09
86,Motor Diesel Volvo Helix Evo Force 144HP,propulsão,10-08-2019,22887.56,4.09
86,Motor Diesel Volvo Helix Evo Force 144HP,propulsão,03-26-2020,18703.13,5.0
86,Motor Diesel Volvo Helix Evo Force 144HP,propulsão,08-13-2021,17824.79,5.25
86,Motor Diesel Volvo Helix Evo Force 144HP,propulsão,12-04-2024,15439.23,6.06
86,Motor Diesel Volvo Helix Evo Force 144HP,propulsão,05-30-2025,16384.28,5.71
86,Motor Diesel Volvo Helix Evo Force 144HP,propulsão,07-23-2025,16841.61,5.55
87,Motor Elétrico Volvo Boost 225HP,propulsão,09-23-2016,20740.76,3.22
87,Motor Elétrico Volvo Boost 225HP,propulsão,10-04-2017,21354.85,3.13
87,Motor Elétrico Volvo Boost 225HP,propulsão,10-13-2017,21180.31,3.16
87,Motor Elétrico Volvo Boost 225HP,propulsão,06-24-2019,17489.77,3.82
87,Motor Elétrico Volvo Boost 225HP,propulsão,06-27-2019,17305.08,3.86
87,Motor Elétrico Volvo Boost 225HP,propulsão,10-30-2020,11585.09,5.77
87,Motor Elétrico Volvo Boost 225HP,propulsão,10-13-2021,12054.65,5.55
87,Motor Elétrico Volvo Boost 225HP,propulsão,11-01-2021,11794.37,5.67
87,Motor Elétrico Volvo Boost 225HP,propulsão,09-04-2023,13597.7,4.92
88,Motor Diesel Tohatsu Kinetic Poseidon 113HP,propulsão,07-05-2018,12335.14,3.92
88,Motor Diesel Tohatsu Kinetic Poseidon 113HP,propulsão,03-15-2019,12607.98,3.83
88,Motor Diesel Tohatsu Kinetic Poseidon 113HP,propulsão,04-03-2019,12577.8,3.84
88,Motor Diesel Tohatsu Kinetic Poseidon 113HP,propulsão,12-12-2019,11764.71,4.11
88,Motor Diesel Tohatsu Kinetic Poseidon 113HP,propulsão,07-22-2021,9300.49,5.2
88,Motor Diesel Tohatsu Kinetic Poseidon 113HP,propulsão,04-25-2022,9902.58,4.88
88,Motor Diesel Tohatsu Kinetic Poseidon 113HP,propulsão,07-22-2022,8866.48,5.45
88,Motor Diesel Tohatsu Kinetic Poseidon 113HP,propulsão,02-07-2023,9351.41,5.17
88,Motor Diesel Tohatsu Kinetic Poseidon 113HP,propulsão,06-28-2023,9954.59,4.86
88,Motor Diesel Tohatsu Kinetic Poseidon 113HP,propulsão,01-08-2024,9896.1,4.88
89,Motor Elétrico Yamaha Orca Storm Zenith 11HP,propulsão,06-27-2019,20363.92,3.86
89,Motor Elétrico Yamaha Orca Storm Zenith 11HP,propulsão,01-25-2021,14285.88,5.51
89,Motor Elétrico Yamaha Orca Storm Zenith 11HP,propulsão,07-30-2021,15363.81,5.12
89,Motor Elétrico Yamaha Orca Storm Zenith 11HP,propulsão,08-05-2021,15289.46,5.15
89,Motor Elétrico Yamaha Orca Storm Zenith 11HP,propulsão,08-22-2022,15217.31,5.17
89,Motor Elétrico Yamaha Orca Storm Zenith 11HP,propulsão,11-11-2022,14832.32,5.31
89,Motor Elétrico Yamaha Orca Storm Zenith 11HP,propulsão,09-13-2024,14122.53,5.57
90,Motor de Popa Yamaha Thrust Marlin Nexus 182HP,propulsão,01-25-2017,24968.38,3.17
90,Motor de Popa Yamaha Thrust Marlin Nexus 182HP,propulsão,08-04-2017,25337.09,3.12
90,Motor de Popa Yamaha Thrust Marlin Nexus 182HP,propulsão,10-19-2017,24930.6,3.17
90,Motor de Popa Yamaha Thrust Marlin Nexus 182HP,propulsão,08-07-2019,19851.75,3.98
90,Motor de Popa Yamaha Thrust Marlin Nexus 182HP,propulsão,08-26-2021,15088.29,5.24
90,Motor de Popa Yamaha Thrust Marlin Nexus 182HP,propulsão,12-01-2021,14083.78,5.62
90,Motor de Popa Yamaha Thrust Marlin Nexus 182HP,propulsão,12-08-2023,16092.39,4.92
90,Motor de Popa Yamaha Thrust Marlin Nexus 182HP,propulsão,01-24-2024,16081.27,4.92
90,Motor de Popa Yamaha Thrust Marlin Nexus 182HP,propulsão,06-25-2024,14571.29,5.43
90,Motor de Popa Yamaha Thrust Marlin Nexus 182HP,propulsão,02-20-2025,13873.56,5.7
90,Motor de Popa Yamaha Thrust Marlin Nexus 182HP,propulsão,07-31-2025,14120.74,5.6
90,Motor de Popa Yamaha Thrust Marlin Nexus 182HP,propulsão,09-02-2025,14467.08,5.47
91,Motor Elétrico Tohatsu Zenith Oceanic 113HP,propulsão,12-02-2016,38934.89,3.47
91,Motor Elétrico Tohatsu Zenith Oceanic 113HP,propulsão,07-24-2019,35883.48,3.76
91,Motor Elétrico Tohatsu Zenith Oceanic 113HP,propulsão,03-16-2022,26303.31,5.13
91,Motor Elétrico Tohatsu Zenith Oceanic 113HP,propulsão,09-14-2023,27671.77,4.88
92,Motor Elétrico Yamaha Nautic Kraken 133HP,propulsão,03-04-2016,23897.07,3.72
92,Motor Elétrico Yamaha Nautic Kraken 133HP,propulsão,05-16-2017,28738.63,3.09
92,Motor Elétrico Yamaha Nautic Kraken 133HP,propulsão,12-18-2017,27027.86,3.29
92,Motor Elétrico Yamaha Nautic Kraken 133HP,propulsão,03-16-2018,27008.15,3.29
92,Motor Elétrico Yamaha Nautic Kraken 133HP,propulsão,07-03-2018,22833.45,3.89
92,Motor Elétrico Yamaha Nautic Kraken 133HP,propulsão,04-03-2019,23121.03,3.84
92,Motor Elétrico Yamaha Nautic Kraken 133HP,propulsão,04-04-2019,22955.56,3.87
92,Motor Elétrico Yamaha Nautic Kraken 133HP,propulsão,05-15-2019,22199.65,4.0
92,Motor Elétrico Yamaha Nautic Kraken 133HP,propulsão,06-10-2019,22909.99,3.88
92,Motor Elétrico Yamaha Nautic Kraken 133HP,propulsão,06-14-2019,22896.41,3.88
92,Motor Elétrico Yamaha Nautic Kraken 133HP,propulsão,03-08-2021,15496.82,5.73
92,Motor Elétrico Yamaha Nautic Kraken 133HP,propulsão,03-22-2022,18059.04,4.92
92,Motor Elétrico Yamaha Nautic Kraken 133HP,propulsão,12-12-2022,16745.97,5.31
92,Motor Elétrico Yamaha Nautic Kraken 133HP,propulsão,06-28-2024,15985.84,5.56
92,Motor Elétrico Yamaha Nautic Kraken 133HP,propulsão,07-08-2024,16239.74,5.47
93,Motor Elétrico Yamaha Flow 204HP,propulsão,12-14-2017,30149.74,3.33
93,Motor Elétrico Yamaha Flow 204HP,propulsão,04-08-2019,25995.29,3.87
93,Motor Elétrico Yamaha Flow 204HP,propulsão,07-20-2021,19153.44,5.25
93,Motor Elétrico Yamaha Flow 204HP,propulsão,10-27-2021,18051.6,5.57
93,Motor Elétrico Yamaha Flow 204HP,propulsão,11-16-2021,18346.6,5.48
93,Motor Elétrico Yamaha Flow 204HP,propulsão,08-18-2022,19409.47,5.18
93,Motor Elétrico Yamaha Flow 204HP,propulsão,06-04-2024,19072.72,5.27
93,Motor Elétrico Yamaha Flow 204HP,propulsão,11-18-2024,17444.83,5.76
93,Motor Elétrico Yamaha Flow 204HP,propulsão,07-08-2025,18414.19,5.46
94,Motor de Popa Volvo Magnum 276HP,propulsão,05-16-2017,13180.3,3.09
94,Motor de Popa Volvo Magnum 276HP,propulsão,01-30-2019,10970.75,3.72
94,Motor de Popa Volvo Magnum 276HP,propulsão,09-09-2021,7715.19,5.28
94,Motor de Popa Volvo Magnum 276HP,propulsão,01-07-2022,7181.14,5.68
94,Motor de Popa Volvo Magnum 276HP,propulsão,03-31-2023,8022.13,5.08
94,Motor de Popa Volvo Magnum 276HP,propulsão,06-23-2025,7381.46,5.52
95,Motor Diesel Honda Leviathan 133HP,propulsão,06-27-2016,20575.35,3.39
95,Motor Diesel Honda Leviathan 133HP,propulsão,09-02-2016,21529.08,3.24
95,Motor Diesel Honda Leviathan 133HP,propulsão,11-14-2017,21264.79,3.28
95,Motor Diesel Honda Leviathan 133HP,propulsão,04-24-2018,20140.23,3.47
95,Motor Diesel Honda Leviathan 133HP,propulsão,10-24-2018,18839.54,3.71
95,Motor Diesel Honda Leviathan 133HP,propulsão,10-26-2018,18997.45,3.68
95,Motor Diesel Honda Leviathan 133HP,propulsão,11-22-2019,16690.11,4.18
95,Motor Diesel Honda Leviathan 133HP,propulsão,07-05-2021,13757.18,5.07
95,Motor Diesel Honda Leviathan 133HP,propulsão,11-23-2022,12945.63,5.39
95,Motor Diesel Honda Leviathan 133HP,propulsão,07-10-2025,12594.59,5.54
96,Motor de Popa Tohatsu Boost Swift 126HP,propulsão,02-08-2018,21605.84,3.27
96,Motor de Popa Tohatsu Boost Swift 126HP,propulsão,07-12-2019,18859.38,3.75
96,Motor de Popa Tohatsu Boost Swift 126HP,propulsão,03-30-2020,13689.39,5.16
96,Motor de Popa Tohatsu Boost Swift 126HP,propulsão,10-13-2021,12732.73,5.55
96,Motor de Popa Tohatsu Boost Swift 126HP,propulsão,04-11-2022,15019.64,4.7
96,Motor de Popa Tohatsu Boost Swift 126HP,propulsão,09-30-2022,13063.42,5.41
96,Motor de Popa Tohatsu Boost Swift 126HP,propulsão,06-02-2023,14251.86,4.96
96,Motor de Popa Tohatsu Boost Swift 126HP,propulsão,06-23-2023,14776.4,4.78
97,Motor de Popa Tohatsu Evo 168HP,propulsão,03-08-2018,41626.19,3.25
97,Motor de Popa Tohatsu Evo 168HP,propulsão,05-14-2019,34019.17,3.98
97,Motor de Popa Tohatsu Evo 168HP,propulsão,11-21-2019,32218.03,4.2
97,Motor de Popa Tohatsu Evo 168HP,propulsão,10-15-2020,24095.55,5.62
97,Motor de Popa Tohatsu Evo 168HP,propulsão,04-27-2021,24869.54,5.44
97,Motor de Popa Tohatsu Evo 168HP,propulsão,07-27-2021,26195.74,5.17
97,Motor de Popa Tohatsu Evo 168HP,propulsão,12-02-2021,24021.56,5.63
97,Motor de Popa Tohatsu Evo 168HP,propulsão,01-06-2023,25607.88,5.29
98,Motor Diesel Parsun Velocity Abyss Orca 235HP,propulsão,05-24-2017,24326.74,3.26
98,Motor Diesel Parsun Velocity Abyss Orca 235HP,propulsão,08-14-2017,24892.14,3.19
98,Motor Diesel Parsun Velocity Abyss Orca 235HP,propulsão,09-06-2018,19144.38,4.15
98,Motor Diesel Parsun Velocity Abyss Orca 235HP,propulsão,10-02-2019,19104.75,4.15
98,Motor Diesel Parsun Velocity Abyss Orca 235HP,propulsão,08-02-2022,15167.54,5.23
98,Motor Diesel Parsun Velocity Abyss Orca 235HP,propulsão,10-03-2022,15262.93,5.2
98,Motor Diesel Parsun Velocity Abyss Orca 235HP,propulsão,09-29-2023,15850.04,5.01
98,Motor Diesel Parsun Velocity Abyss Orca 235HP,propulsão,12-17-2024,12866.8,6.17
99,Motor Elétrico Honda Flux Ultra 273HP,propulsão,04-05-2016,29327.86,3.66
99,Motor Elétrico Honda Flux Ultra 273HP,propulsão,08-04-2016,33336.44,3.22
99,Motor Elétrico Honda Flux Ultra 273HP,propulsão,03-17-2017,34525.3,3.11
99,Motor Elétrico Honda Flux Ultra 273HP,propulsão,05-12-2017,34288.03,3.13
99,Motor Elétrico Honda Flux Ultra 273HP,propulsão,10-16-2017,33944.07,3.16
99,Motor Elétrico Honda Flux Ultra 273HP,propulsão,10-27-2017,32708.24,3.28
99,Motor Elétrico Honda Flux Ultra 273HP,propulsão,02-13-2020,24725.51,4.34
99,Motor Elétrico Honda Flux Ultra 273HP,propulsão,08-06-2020,20077.99,5.34
99,Motor Elétrico Honda Flux Ultra 273HP,propulsão,11-25-2020,20049.09,5.35
99,Motor Elétrico Honda Flux Ultra 273HP,propulsão,07-02-2021,21330.89,5.03
99,Motor Elétrico Honda Flux Ultra 273HP,propulsão,08-06-2024,18977.86,5.65
99,Motor Elétrico Honda Flux Ultra 273HP,propulsão,01-20-2025,17732.37,6.05
100,Motor Elétrico Honda Vector Abyss 220HP,propulsão,07-14-2017,32797.24,3.19
100,Motor Elétrico Honda Vector Abyss 220HP,propulsão,08-01-2017,33575.22,3.12
100,Motor Elétrico Honda Vector Abyss 220HP,propulsão,01-08-2018,32332.92,3.24
100,Motor Elétrico Honda Vector Abyss 220HP,propulsão,04-12-2018,30899.28,3.39
100,Motor Elétrico Honda Vector Abyss 220HP,propulsão,03-25-2020,20631.21,5.07
100,Motor Elétrico Honda Vector Abyss 220HP,propulsão,05-13-2021,19807.28,5.28
100,Motor Elétrico Honda Vector Abyss 220HP,propulsão,11-18-2025,19604.58,5.34
101,Cabo de Nylon Delta Vortex,ancoragem,06-16-2016,132.79,3.49
101,Cabo de Nylon Delta Vortex,ancoragem,11-17-2016,136.11,3.41
101,Cabo de Nylon Delta Vortex,ancoragem,08-25-2017,147.32,3.15
101,Cabo de Nylon Delta Vortex,ancoragem,05-04-2018,131.27,3.53
101,Cabo de Nylon Delta Vortex,ancoragem,08-02-2018,123.12,3.76
101,Cabo de Nylon Delta Vortex,ancoragem,12-23-2019,113.72,4.08
101,Cabo de Nylon Delta Vortex,ancoragem,05-19-2020,81.0,5.72
101,Cabo de Nylon Delta Vortex,ancoragem,09-04-2020,87.7,5.28
101,Cabo de Nylon Delta Vortex,ancoragem,10-14-2021,84.28,5.5
101,Cabo de Nylon Delta Vortex,ancoragem,10-18-2022,87.95,5.27
101,Cabo de Nylon Delta Vortex,ancoragem,07-14-2023,96.64,4.8
101,Cabo de Nylon Delta Vortex,ancoragem,06-04-2024,87.96,5.27
101,Cabo de Nylon Delta Vortex,ancoragem,07-03-2024,82.96,5.59
101,Cabo de Nylon Delta Vortex,ancoragem,12-24-2024,75.32,6.15
101,Cabo de Nylon Delta Vortex,ancoragem,06-06-2025,82.84,5.59
102,Cabo de Nylon Bruce Nexus,ancoragem,10-13-2017,263.57,3.16
102,Cabo de Nylon Bruce Nexus,ancoragem,01-15-2020,199.93,4.16
102,Cabo de Nylon Bruce Nexus,ancoragem,02-26-2025,144.07,5.78
103,Âncora Delta Swift,ancoragem,02-07-2020,415.41,4.31
103,Âncora Delta Swift,ancoragem,09-21-2020,328.69,5.44
103,Âncora Delta Swift,ancoragem,01-05-2021,335.92,5.33
103,Âncora Delta Swift,ancoragem,10-18-2021,324.2,5.52
103,Âncora Delta Swift,ancoragem,09-19-2022,341.7,5.24
103,Âncora Delta Swift,ancoragem,07-05-2024,325.52,5.5
103,Âncora Delta Swift,ancoragem,09-25-2024,326.91,5.47
103,Âncora Delta Swift,ancoragem,08-04-2025,324.68,5.51
104,Cabo de Nylon Delta Zen Vortex Storm,ancoragem,04-06-2016,1010.54,3.67
104,Cabo de Nylon Delta Zen Vortex Storm,ancoragem,05-31-2017,1144.9,3.24
104,Cabo de Nylon Delta Zen Vortex Storm,ancoragem,12-21-2018,960.31,3.87
104,Cabo de Nylon Delta Zen Vortex Storm,ancoragem,05-15-2019,927.68,4.0
104,Cabo de Nylon Delta Zen Vortex Storm,ancoragem,03-26-2020,742.54,5.0
105,Cabo de Nylon Danforth Prime,ancoragem,01-21-2016,74.49,4.16
105,Cabo de Nylon Danforth Prime,ancoragem,03-10-2016,84.36,3.67
105,Cabo de Nylon Danforth Prime,ancoragem,05-27-2016,85.6,3.62
105,Cabo de Nylon Danforth Prime,ancoragem,07-19-2016,94.39,3.28
105,Cabo de Nylon Danforth Prime,ancoragem,12-09-2020,60.57,5.11
105,Cabo de Nylon Danforth Prime,ancoragem,08-16-2021,58.97,5.25
105,Cabo de Nylon Danforth Prime,ancoragem,10-22-2021,54.2,5.71
105,Cabo de Nylon Danforth Prime,ancoragem,06-24-2022,59.15,5.23
105,Cabo de Nylon Danforth Prime,ancoragem,04-03-2023,61.14,5.06
105,Cabo de Nylon Danforth Prime,ancoragem,04-17-2023,62.64,4.94
105,Cabo de Nylon Danforth Prime,ancoragem,06-03-2024,59.11,5.24
105,Cabo de Nylon Danforth Prime,ancoragem,06-13-2024,57.36,5.4
105,Cabo de Nylon Danforth Prime,ancoragem,11-12-2024,53.66,5.77
105,Cabo de Nylon Danforth Prime,ancoragem,11-25-2024,53.37,5.8
106,Âncora Danforth Nitro Titan Vox,ancoragem,04-18-2017,1416.67,3.1
106,Âncora Danforth Nitro Titan Vox,ancoragem,08-13-2019,1103.67,3.97
106,Âncora Danforth Nitro Titan Vox,ancoragem,11-20-2019,1043.35,4.2
106,Âncora Danforth Nitro Titan Vox,ancoragem,12-28-2020,837.06,5.24
106,Âncora Danforth Nitro Titan Vox,ancoragem,08-01-2023,918.37,4.78
106,Âncora Danforth Nitro Titan Vox,ancoragem,09-17-2025,827.26,5.3
106,Âncora Danforth Nitro Titan Vox,ancoragem,10-29-2025,820.98,5.34
107,Boia de Arqueamento Bruce Tidal Marlin,ancoragem,03-04-2016,407.02,3.72
107,Boia de Arqueamento Bruce Tidal Marlin,ancoragem,07-31-2017,483.49,3.13
107,Boia de Arqueamento Bruce Tidal Marlin,ancoragem,03-26-2018,458.21,3.3
107,Boia de Arqueamento Bruce Tidal Marlin,ancoragem,06-15-2018,401.09,3.77
107,Boia de Arqueamento Bruce Tidal Marlin,ancoragem,05-11-2020,261.16,5.8
107,Boia de Arqueamento Bruce Tidal Marlin,ancoragem,02-21-2022,296.79,5.1
107,Boia de Arqueamento Bruce Tidal Marlin,ancoragem,06-02-2022,316.12,4.79
107,Boia de Arqueamento Bruce Tidal Marlin,ancoragem,08-09-2022,295.48,5.12
107,Boia de Arqueamento Bruce Tidal Marlin,ancoragem,11-16-2023,311.59,4.86
108,Boia de Arqueamento Bruce Titan,ancoragem,04-03-2019,870.56,3.84
108,Boia de Arqueamento Bruce Titan,ancoragem,06-04-2019,864.4,3.87
108,Boia de Arqueamento Bruce Titan,ancoragem,07-31-2019,888.76,3.76
108,Boia de Arqueamento Bruce Titan,ancoragem,02-26-2020,754.3,4.44
108,Boia de Arqueamento Bruce Titan,ancoragem,06-10-2020,684.33,4.89
108,Boia de Arqueamento Bruce Titan,ancoragem,06-14-2022,653.47,5.12
108,Boia de Arqueamento Bruce Titan,ancoragem,11-16-2023,688.83,4.86
109,Cabo de Nylon Danforth Evo Aqua Mako,ancoragem,01-12-2017,196.71,3.17
109,Cabo de Nylon Danforth Evo Aqua Mako,ancoragem,05-16-2018,169.23,3.68
109,Cabo de Nylon Danforth Evo Aqua Mako,ancoragem,04-01-2024,123.24,5.05
109,Cabo de Nylon Danforth Evo Aqua Mako,ancoragem,04-23-2025,109.49,5.69
110,Corrente Bruce Current,ancoragem,08-17-2020,457.97,5.45
110,Corrente Bruce Current,ancoragem,08-26-2021,476.03,5.24
110,Corrente Bruce Current,ancoragem,09-02-2024,443.85,5.62
111,Boia de Arqueamento Danforth Aero Dash,ancoragem,06-13-2017,1290.65,3.32
111,Boia de Arqueamento Danforth Aero Dash,ancoragem,07-28-2022,821.82,5.21
111,Boia de Arqueamento Danforth Aero Dash,ancoragem,03-12-2024,860.37,4.98
112,Corrente Danforth Tidal,ancoragem,08-24-2018,533.92,4.09
112,Corrente Danforth Tidal,ancoragem,05-15-2019,544.9,4.0
112,Corrente Danforth Tidal,ancoragem,11-16-2021,398.23,5.48
112,Corrente Danforth Tidal,ancoragem,09-29-2023,435.58,5.01
112,Corrente Danforth Tidal,ancoragem,04-03-2024,430.01,5.07
112,Corrente Danforth Tidal,ancoragem,06-10-2024,406.44,5.37
112,Corrente Danforth Tidal,ancoragem,05-28-2025,383.09,5.69
112,Corrente Danforth Tidal,ancoragem,08-19-2025,398.64,5.47
112,Corrente Danforth Tidal,ancoragem,11-24-2025,404.31,5.39
113,Âncora Delta Mako Ultra,ancoragem,01-12-2017,1388.39,3.17
113,Âncora Delta Mako Ultra,ancoragem,01-18-2017,1364.68,3.22
113,Âncora Delta Mako Ultra,ancoragem,11-03-2017,1335.29,3.29
113,Âncora Delta Mako Ultra,ancoragem,06-28-2018,1141.1,3.85
113,Âncora Delta Mako Ultra,ancoragem,06-29-2018,1140.01,3.86
113,Âncora Delta Mako Ultra,ancoragem,09-18-2019,1072.83,4.1
113,Âncora Delta Mako Ultra,ancoragem,10-16-2019,1053.75,4.17
113,Âncora Delta Mako Ultra,ancoragem,12-31-2020,845.82,5.2
113,Âncora Delta Mako Ultra,ancoragem,02-05-2021,815.72,5.39
113,Âncora Delta Mako Ultra,ancoragem,03-03-2022,870.75,5.05
113,Âncora Delta Mako Ultra,ancoragem,07-05-2022,815.5,5.39
113,Âncora Delta Mako Ultra,ancoragem,08-06-2024,777.57,5.65
113,Âncora Delta Mako Ultra,ancoragem,04-17-2025,750.6,5.86
114,Boia de Arqueamento Danforth Tidal Zen Swift,ancoragem,11-22-2016,238.81,3.35
114,Boia de Arqueamento Danforth Tidal Zen Swift,ancoragem,08-13-2020,148.58,5.38
114,Boia de Arqueamento Danforth Tidal Zen Swift,ancoragem,01-13-2022,144.69,5.52
114,Boia de Arqueamento Danforth Tidal Zen Swift,ancoragem,02-16-2023,152.46,5.24
115,Cabo de Nylon Delta Force Magnum Leviathan,ancoragem,08-22-2016,258.29,3.22
115,Cabo de Nylon Delta Force Magnum Leviathan,ancoragem,01-05-2018,256.33,3.24
115,Cabo de Nylon Delta Force Magnum Leviathan,ancoragem,09-11-2020,157.17,5.29
115,Cabo de Nylon Delta Force Magnum Leviathan,ancoragem,01-24-2023,160.69,5.17
115,Cabo de Nylon Delta Force Magnum Leviathan,ancoragem,12-12-2023,167.9,4.95
116,Cabo de Nylon Delta Velocity Oceanic Abyss,ancoragem,05-31-2016,716.52,3.6
116,Cabo de Nylon Delta Velocity Oceanic Abyss,ancoragem,08-13-2018,660.69,3.9
116,Cabo de Nylon Delta Velocity Oceanic Abyss,ancoragem,03-30-2020,499.25,5.16
116,Cabo de Nylon Delta Velocity Oceanic Abyss,ancoragem,04-14-2020,496.71,5.19
116,Cabo de Nylon Delta Velocity Oceanic Abyss,ancoragem,03-16-2022,502.24,5.13
117,Corrente Danforth Zen Abyss Axis,ancoragem,04-19-2016,1154.74,3.55
117,Corrente Danforth Zen Abyss Axis,ancoragem,04-20-2017,1304.74,3.15
117,Corrente Danforth Zen Abyss Axis,ancoragem,02-18-2021,756.57,5.42
117,Corrente Danforth Zen Abyss Axis,ancoragem,06-10-2022,823.4,4.98
117,Corrente Danforth Zen Abyss Axis,ancoragem,09-08-2025,756.01,5.43
118,Boia de Arqueamento Delta Force Vox,ancoragem,07-10-2017,1321.87,3.27
118,Boia de Arqueamento Delta Force Vox,ancoragem,10-19-2018,1163.95,3.71
118,Boia de Arqueamento Delta Force Vox,ancoragem,08-24-2021,814.0,5.3
118,Boia de Arqueamento Delta Force Vox,ancoragem,11-23-2021,764.41,5.65
118,Boia de Arqueamento Delta Force Vox,ancoragem,07-12-2022,797.41,5.41
118,Boia de Arqueamento Delta Force Vox,ancoragem,11-06-2023,880.76,4.9
118,Boia de Arqueamento Delta Force Vox,ancoragem,12-27-2023,893.4,4.83
118,Boia de Arqueamento Delta Force Vox,ancoragem,09-20-2024,787.87,5.48
119,Âncora Bruce Aqua,ancoragem,05-19-2016,904.47,3.6
119,Âncora Bruce Aqua,ancoragem,06-28-2017,985.9,3.3
119,Âncora Bruce Aqua,ancoragem,08-05-2021,632.7,5.15
119,Âncora Bruce Aqua,ancoragem,12-08-2022,625.1,5.21
119,Âncora Bruce Aqua,ancoragem,08-04-2023,669.88,4.86
120,Boia de Arqueamento Danforth Flux Tidal,ancoragem,05-03-2017,992.44,3.15
120,Boia de Arqueamento Danforth Flux Tidal,ancoragem,05-30-2018,836.23,3.74
120,Boia de Arqueamento Danforth Flux Tidal,ancoragem,07-12-2018,810.34,3.86
120,Boia de Arqueamento Danforth Flux Tidal,ancoragem,09-14-2018,746.18,4.19
120,Boia de Arqueamento Danforth Flux Tidal,ancoragem,09-11-2020,591.22,5.29
120,Boia de Arqueamento Danforth Flux Tidal,ancoragem,10-13-2020,559.4,5.59
120,Boia de Arqueamento Danforth Flux Tidal,ancoragem,11-27-2020,584.15,5.35
120,Boia de Arqueamento Danforth Flux Tidal,ancoragem,12-03-2021,553.73,5.64
120,Boia de Arqueamento Danforth Flux Tidal,ancoragem,02-14-2022,599.71,5.21
120,Boia de Arqueamento Danforth Flux Tidal,ancoragem,04-27-2022,622.89,5.02
120,Boia de Arqueamento Danforth Flux Tidal,ancoragem,08-12-2022,612.44,5.1
120,Boia de Arqueamento Danforth Flux Tidal,ancoragem,10-26-2022,586.85,5.32
120,Boia de Arqueamento Danforth Flux Tidal,ancoragem,09-04-2023,635.45,4.92
121,Âncora Danforth Oceanic Helix Flux,ancoragem,03-29-2016,1007.13,3.67
121,Âncora Danforth Oceanic Helix Flux,ancoragem,02-22-2018,1133.49,3.26
121,Âncora Danforth Oceanic Helix Flux,ancoragem,09-03-2019,886.96,4.17
121,Âncora Danforth Oceanic Helix Flux,ancoragem,04-17-2020,702.77,5.26
121,Âncora Danforth Oceanic Helix Flux,ancoragem,04-29-2020,680.53,5.43
121,Âncora Danforth Oceanic Helix Flux,ancoragem,11-18-2020,698.01,5.29
121,Âncora Danforth Oceanic Helix Flux,ancoragem,08-31-2021,718.35,5.14
121,Âncora Danforth Oceanic Helix Flux,ancoragem,05-24-2023,746.8,4.95
121,Âncora Danforth Oceanic Helix Flux,ancoragem,12-18-2023,747.93,4.94
121,Âncora Danforth Oceanic Helix Flux,ancoragem,10-01-2024,677.66,5.45
121,Âncora Danforth Oceanic Helix Flux,ancoragem,02-12-2025,640.2,5.77
122,Corrente Danforth Zenith Oceanic Torque,ancoragem,04-06-2016,359.92,3.67
122,Corrente Danforth Zenith Oceanic Torque,ancoragem,02-24-2017,426.78,3.1
122,Corrente Danforth Zenith Oceanic Torque,ancoragem,04-26-2018,378.16,3.5
122,Corrente Danforth Zenith Oceanic Torque,ancoragem,09-26-2018,326.02,4.06
122,Corrente Danforth Zenith Oceanic Torque,ancoragem,11-29-2019,313.13,4.22
122,Corrente Danforth Zenith Oceanic Torque,ancoragem,01-06-2020,326.15,4.06
122,Corrente Danforth Zenith Oceanic Torque,ancoragem,09-24-2020,237.39,5.57
122,Corrente Danforth Zenith Oceanic Torque,ancoragem,12-31-2020,254.51,5.2
122,Corrente Danforth Zenith Oceanic Torque,ancoragem,03-02-2021,232.67,5.68
122,Corrente Danforth Zenith Oceanic Torque,ancoragem,09-13-2022,255.36,5.18
122,Corrente Danforth Zenith Oceanic Torque,ancoragem,09-14-2022,255.46,5.18
122,Corrente Danforth Zenith Oceanic Torque,ancoragem,06-02-2023,266.89,4.96
122,Corrente Danforth Zenith Oceanic Torque,ancoragem,07-11-2023,270.21,4.89
122,Corrente Danforth Zenith Oceanic Torque,ancoragem,09-14-2023,271.3,4.88
122,Corrente Danforth Zenith Oceanic Torque,ancoragem,12-12-2024,222.63,5.94
123,Cabo de Nylon Danforth Orca Aero,ancoragem,10-25-2017,857.62,3.24
123,Cabo de Nylon Danforth Orca Aero,ancoragem,10-05-2018,717.72,3.87
123,Cabo de Nylon Danforth Orca Aero,ancoragem,09-02-2022,535.37,5.19
123,Cabo de Nylon Danforth Orca Aero,ancoragem,12-16-2024,458.99,6.05
123,Cabo de Nylon Danforth Orca Aero,ancoragem,04-30-2025,490.63,5.66
124,Corrente Delta Axis,ancoragem,04-17-2018,1107.66,3.4
124,Corrente Delta Axis,ancoragem,06-14-2019,971.46,3.88
124,Corrente Delta Axis,ancoragem,03-24-2020,743.47,5.07
124,Corrente Delta Axis,ancoragem,12-20-2022,719.16,5.24
124,Corrente Delta Axis,ancoragem,02-27-2023,725.63,5.2
124,Corrente Delta Axis,ancoragem,07-02-2024,665.23,5.67
124,Corrente Delta Axis,ancoragem,04-08-2025,635.07,5.94
125,Cabo de Nylon Danforth Kinetic,ancoragem,06-26-2020,622.83,5.46
125,Cabo de Nylon Danforth Kinetic,ancoragem,11-17-2020,630.46,5.4
125,Cabo de Nylon Danforth Kinetic,ancoragem,03-22-2023,646.27,5.26
126,Corrente Danforth Hydro,ancoragem,02-05-2018,827.56,3.24
126,Corrente Danforth Hydro,ancoragem,08-28-2018,649.99,4.12
126,Corrente Danforth Hydro,ancoragem,05-31-2019,679.44,3.94
126,Corrente Danforth Hydro,ancoragem,11-06-2019,663.54,4.04
126,Corrente Danforth Hydro,ancoragem,01-22-2020,639.18,4.19
126,Corrente Danforth Hydro,ancoragem,06-09-2020,545.77,4.91
126,Corrente Danforth Hydro,ancoragem,10-28-2020,467.05,5.73
127,Cabo de Nylon Delta Velocity Core Mako,ancoragem,06-15-2016,445.7,3.48
127,Cabo de Nylon Delta Velocity Core Mako,ancoragem,08-29-2016,475.16,3.26
127,Cabo de Nylon Delta Velocity Core Mako,ancoragem,11-09-2018,413.16,3.75
127,Cabo de Nylon Delta Velocity Core Mako,ancoragem,01-04-2019,411.83,3.76
127,Cabo de Nylon Delta Velocity Core Mako,ancoragem,12-16-2019,379.79,4.08
127,Cabo de Nylon Delta Velocity Core Mako,ancoragem,10-14-2020,278.31,5.57
127,Cabo de Nylon Delta Velocity Core Mako,ancoragem,04-23-2021,282.83,5.48
127,Cabo de Nylon Delta Velocity Core Mako,ancoragem,07-07-2022,288.87,5.36
127,Cabo de Nylon Delta Velocity Core Mako,ancoragem,01-06-2023,293.17,5.29
127,Cabo de Nylon Delta Velocity Core Mako,ancoragem,03-27-2023,296.24,5.23
127,Cabo de Nylon Delta Velocity Core Mako,ancoragem,08-04-2025,281.15,5.51
128,Boia de Arqueamento Bruce Marlin Hydra,ancoragem,10-04-2018,1191.24,3.9
128,Boia de Arqueamento Bruce Marlin Hydra,ancoragem,07-03-2019,1208.95,3.85
128,Boia de Arqueamento Bruce Marlin Hydra,ancoragem,07-20-2020,867.2,5.36
128,Boia de Arqueamento Bruce Marlin Hydra,ancoragem,09-22-2020,856.12,5.43
128,Boia de Arqueamento Bruce Marlin Hydra,ancoragem,04-06-2022,990.34,4.7
128,Boia de Arqueamento Bruce Marlin Hydra,ancoragem,04-26-2022,936.51,4.97
128,Boia de Arqueamento Bruce Marlin Hydra,ancoragem,07-22-2022,853.09,5.45
128,Boia de Arqueamento Bruce Marlin Hydra,ancoragem,08-19-2025,850.07,5.47
129,Corrente Delta Boost,ancoragem,05-10-2016,939.48,3.48
129,Corrente Delta Boost,ancoragem,11-29-2016,959.13,3.41
129,Corrente Delta Boost,ancoragem,10-23-2017,1020.79,3.2
129,Corrente Delta Boost,ancoragem,12-14-2017,980.08,3.33
129,Corrente Delta Boost,ancoragem,07-30-2018,879.22,3.72
129,Corrente Delta Boost,ancoragem,08-16-2018,841.72,3.88
129,Corrente Delta Boost,ancoragem,04-01-2020,623.33,5.24
129,Corrente Delta Boost,ancoragem,06-05-2020,656.27,4.98
129,Corrente Delta Boost,ancoragem,06-14-2022,637.97,5.12
129,Corrente Delta Boost,ancoragem,07-14-2022,598.62,5.46
129,Corrente Delta Boost,ancoragem,01-17-2024,661.98,4.93
129,Corrente Delta Boost,ancoragem,05-20-2025,576.93,5.66
129,Corrente Delta Boost,ancoragem,10-15-2025,599.77,5.45
130,Boia de Arqueamento Delta Zen Boost Vortex,ancoragem,11-01-2016,1293.13,3.21
130,Boia de Arqueamento Delta Zen Boost Vortex,ancoragem,02-19-2019,1114.0,3.72
130,Boia de Arqueamento Delta Zen Boost Vortex,ancoragem,03-17-2020,820.79,5.05
130,Boia de Arqueamento Delta Zen Boost Vortex,ancoragem,03-01-2021,742.32,5.58
130,Boia de Arqueamento Delta Zen Boost Vortex,ancoragem,03-22-2021,749.89,5.53
130,Boia de Arqueamento Delta Zen Boost Vortex,ancoragem,06-15-2023,859.48,4.82
130,Boia de Arqueamento Delta Zen Boost Vortex,ancoragem,03-18-2024,826.87,5.01
130,Boia de Arqueamento Delta Zen Boost Vortex,ancoragem,06-26-2024,752.23,5.51
131,Boia de Arqueamento Danforth Core Vortex,ancoragem,07-19-2019,257.63,3.74
131,Boia de Arqueamento Danforth Core Vortex,ancoragem,03-11-2021,172.43,5.59
131,Boia de Arqueamento Danforth Core Vortex,ancoragem,08-19-2022,185.47,5.2
131,Boia de Arqueamento Danforth Core Vortex,ancoragem,06-07-2023,196.2,4.91
131,Boia de Arqueamento Danforth Core Vortex,ancoragem,06-14-2024,179.69,5.36
131,Boia de Arqueamento Danforth Core Vortex,ancoragem,08-13-2024,175.62,5.49
132,Corrente Bruce Nautic Evo,ancoragem,02-22-2016,394.57,3.96
132,Corrente Bruce Nautic Evo,ancoragem,02-27-2018,482.74,3.24
132,Corrente Bruce Nautic Evo,ancoragem,12-31-2019,387.82,4.03
132,Corrente Bruce Nautic Evo,ancoragem,03-12-2020,320.12,4.88
132,Corrente Bruce Nautic Evo,ancoragem,08-20-2020,276.61,5.65
132,Corrente Bruce Nautic Evo,ancoragem,02-15-2024,314.46,4.97
132,Corrente Bruce Nautic Evo,ancoragem,12-18-2025,282.75,5.53
133,Âncora Bruce Core Pulse,ancoragem,03-28-2016,519.96,3.64
133,Âncora Bruce Core Pulse,ancoragem,06-27-2017,570.68,3.32
133,Âncora Bruce Core Pulse,ancoragem,12-21-2017,572.87,3.3
133,Âncora Bruce Core Pulse,ancoragem,01-09-2019,512.58,3.69
133,Âncora Bruce Core Pulse,ancoragem,01-20-2020,452.55,4.18
133,Âncora Bruce Core Pulse,ancoragem,06-03-2020,374.72,5.05
133,Âncora Bruce Core Pulse,ancoragem,07-06-2022,348.47,5.43
133,Âncora Bruce Core Pulse,ancoragem,03-01-2024,381.67,4.96
134,Âncora Delta Storm Vox,ancoragem,10-20-2017,1482.27,3.18
134,Âncora Delta Storm Vox,ancoragem,12-31-2019,1170.59,4.03
134,Âncora Delta Storm Vox,ancoragem,12-05-2022,899.33,5.25
134,Âncora Delta Storm Vox,ancoragem,09-06-2023,948.15,4.98
135,Cabo de Nylon Danforth Titan Poseidon,ancoragem,09-30-2016,506.69,3.25
135,Cabo de Nylon Danforth Titan Poseidon,ancoragem,10-13-2016,512.61,3.21
135,Cabo de Nylon Danforth Titan Poseidon,ancoragem,10-25-2016,527.31,3.12
135,Cabo de Nylon Danforth Titan Poseidon,ancoragem,01-29-2018,519.63,3.17
135,Cabo de Nylon Danforth Titan Poseidon,ancoragem,07-05-2018,419.67,3.92
135,Cabo de Nylon Danforth Titan Poseidon,ancoragem,03-15-2019,428.95,3.83
135,Cabo de Nylon Danforth Titan Poseidon,ancoragem,04-03-2019,427.92,3.84
135,Cabo de Nylon Danforth Titan Poseidon,ancoragem,10-21-2020,293.66,5.6
135,Cabo de Nylon Danforth Titan Poseidon,ancoragem,06-30-2022,313.99,5.24
135,Cabo de Nylon Danforth Titan Poseidon,ancoragem,10-31-2022,312.86,5.26
135,Cabo de Nylon Danforth Titan Poseidon,ancoragem,01-24-2023,318.15,5.17
135,Cabo de Nylon Danforth Titan Poseidon,ancoragem,03-09-2023,320.27,5.14
135,Cabo de Nylon Danforth Titan Poseidon,ancoragem,04-11-2023,328.1,5.01
135,Cabo de Nylon Danforth Titan Poseidon,ancoragem,08-14-2025,304.04,5.41
136,Cabo de Nylon Bruce Flux Hydro,ancoragem,10-23-2017,616.78,3.2
136,Cabo de Nylon Bruce Flux Hydro,ancoragem,11-27-2017,612.66,3.22
136,Cabo de Nylon Bruce Flux Hydro,ancoragem,01-19-2018,615.16,3.21
136,Cabo de Nylon Bruce Flux Hydro,ancoragem,11-01-2018,533.84,3.7
136,Cabo de Nylon Bruce Flux Hydro,ancoragem,10-20-2023,390.62,5.05
137,Âncora Danforth Impulse,ancoragem,12-08-2016,995.67,3.4
137,Âncora Danforth Impulse,ancoragem,12-12-2016,1004.86,3.37
137,Âncora Danforth Impulse,ancoragem,01-10-2017,1060.88,3.19
137,Âncora Danforth Impulse,ancoragem,12-11-2017,1030.93,3.28
137,Âncora Danforth Impulse,ancoragem,01-29-2018,1069.73,3.17
137,Âncora Danforth Impulse,ancoragem,02-19-2018,1046.8,3.23
137,Âncora Danforth Impulse,ancoragem,08-07-2018,912.23,3.71
137,Âncora Danforth Impulse,ancoragem,12-28-2018,873.85,3.87
137,Âncora Danforth Impulse,ancoragem,01-15-2019,913.93,3.7
137,Âncora Danforth Impulse,ancoragem,03-08-2019,875.43,3.87
137,Âncora Danforth Impulse,ancoragem,06-26-2020,619.79,5.46
137,Âncora Danforth Impulse,ancoragem,04-04-2024,673.98,5.02
137,Âncora Danforth Impulse,ancoragem,10-03-2025,632.89,5.35
138,Boia de Arqueamento Delta Peak Boost Thrust,ancoragem,12-30-2019,1037.95,4.03
138,Boia de Arqueamento Delta Peak Boost Thrust,ancoragem,03-11-2020,895.11,4.67
138,Boia de Arqueamento Delta Peak Boost Thrust,ancoragem,09-17-2020,795.45,5.26
138,Boia de Arqueamento Delta Peak Boost Thrust,ancoragem,02-08-2022,793.85,5.27
138,Boia de Arqueamento Delta Peak Boost Thrust,ancoragem,02-22-2022,826.61,5.06
138,Boia de Arqueamento Delta Peak Boost Thrust,ancoragem,05-25-2023,836.88,5.0
138,Boia de Arqueamento Delta Peak Boost Thrust,ancoragem,05-22-2025,741.89,5.64
139,Boia de Arqueamento Danforth Torque,ancoragem,10-11-2016,443.47,3.21
139,Boia de Arqueamento Danforth Torque,ancoragem,12-31-2018,367.79,3.87
139,Boia de Arqueamento Danforth Torque,ancoragem,10-30-2020,246.89,5.77
140,Boia de Arqueamento Bruce Dash Titan Pulse,ancoragem,05-11-2017,993.43,3.16
140,Boia de Arqueamento Bruce Dash Titan Pulse,ancoragem,10-26-2018,853.04,3.68
140,Boia de Arqueamento Bruce Dash Titan Pulse,ancoragem,08-20-2020,554.75,5.65
140,Boia de Arqueamento Bruce Dash Titan Pulse,ancoragem,02-03-2021,586.81,5.34
140,Boia de Arqueamento Bruce Dash Titan Pulse,ancoragem,04-26-2024,612.49,5.12
140,Boia de Arqueamento Bruce Dash Titan Pulse,ancoragem,06-25-2025,565.59,5.54
141,Boia de Arqueamento Bruce Nexus Abyss,ancoragem,03-11-2016,1318.57,3.63
141,Boia de Arqueamento Bruce Nexus Abyss,ancoragem,03-17-2016,1312.28,3.64
141,Boia de Arqueamento Bruce Nexus Abyss,ancoragem,11-11-2016,1391.23,3.44
141,Boia de Arqueamento Bruce Nexus Abyss,ancoragem,02-06-2017,1533.96,3.12
141,Boia de Arqueamento Bruce Nexus Abyss,ancoragem,10-30-2017,1469.47,3.25
141,Boia de Arqueamento Bruce Nexus Abyss,ancoragem,12-13-2018,1232.93,3.88
141,Boia de Arqueamento Bruce Nexus Abyss,ancoragem,04-18-2019,1214.76,3.94
141,Boia de Arqueamento Bruce Nexus Abyss,ancoragem,03-17-2022,942.08,5.08
141,Boia de Arqueamento Bruce Nexus Abyss,ancoragem,08-08-2023,971.69,4.92
141,Boia de Arqueamento Bruce Nexus Abyss,ancoragem,09-05-2023,962.15,4.97
141,Boia de Arqueamento Bruce Nexus Abyss,ancoragem,10-26-2023,955.42,5.01
141,Boia de Arqueamento Bruce Nexus Abyss,ancoragem,11-08-2023,978.89,4.89
141,Boia de Arqueamento Bruce Nexus Abyss,ancoragem,12-08-2023,972.86,4.92
141,Boia de Arqueamento Bruce Nexus Abyss,ancoragem,02-27-2025,821.3,5.82
141,Boia de Arqueamento Bruce Nexus Abyss,ancoragem,03-05-2025,825.76,5.79
142,Âncora Danforth Vector Evo,ancoragem,07-04-2017,250.09,3.31
142,Âncora Danforth Vector Evo,ancoragem,08-17-2017,261.55,3.16
142,Âncora Danforth Vector Evo,ancoragem,06-15-2018,219.02,3.77
142,Âncora Danforth Vector Evo,ancoragem,03-27-2019,209.84,3.94
142,Âncora Danforth Vector Evo,ancoragem,03-29-2019,212.11,3.9
142,Âncora Danforth Vector Evo,ancoragem,11-13-2019,197.89,4.18
142,Âncora Danforth Vector Evo,ancoragem,03-05-2020,178.87,4.62
142,Âncora Danforth Vector Evo,ancoragem,11-09-2022,160.09,5.16
142,Âncora Danforth Vector Evo,ancoragem,08-30-2023,169.88,4.87
142,Âncora Danforth Vector Evo,ancoragem,09-16-2024,149.71,5.52
142,Âncora Danforth Vector Evo,ancoragem,07-11-2025,148.33,5.57
142,Âncora Danforth Vector Evo,ancoragem,09-24-2025,155.62,5.31
143,Âncora Delta Hydra Kraken Velocity,ancoragem,06-01-2016,1228.25,3.61
143,Âncora Delta Hydra Kraken Velocity,ancoragem,05-08-2017,1389.34,3.19
143,Âncora Delta Hydra Kraken Velocity,ancoragem,04-19-2018,1305.95,3.4
143,Âncora Delta Hydra Kraken Velocity,ancoragem,08-10-2018,1153.34,3.85
143,Âncora Delta Hydra Kraken Velocity,ancoragem,05-30-2019,1117.09,3.97
143,Âncora Delta Hydra Kraken Velocity,ancoragem,01-24-2020,1062.29,4.18
143,Âncora Delta Hydra Kraken Velocity,ancoragem,08-05-2020,840.97,5.28
143,Âncora Delta Hydra Kraken Velocity,ancoragem,04-23-2021,809.85,5.48
143,Âncora Delta Hydra Kraken Velocity,ancoragem,08-25-2021,845.69,5.25
143,Âncora Delta Hydra Kraken Velocity,ancoragem,05-24-2023,896.83,4.95
143,Âncora Delta Hydra Kraken Velocity,ancoragem,11-04-2024,766.33,5.79
143,Âncora Delta Hydra Kraken Velocity,ancoragem,01-30-2025,751.94,5.9
143,Âncora Delta Hydra Kraken Velocity,ancoragem,06-09-2025,795.72,5.58
143,Âncora Delta Hydra Kraken Velocity,ancoragem,08-04-2025,805.06,5.51
143,Âncora Delta Hydra Kraken Velocity,ancoragem,09-23-2025,836.16,5.31
144,Boia de Arqueamento Bruce Barracuda,ancoragem,05-13-2016,631.98,3.5
144,Boia de Arqueamento Bruce Barracuda,ancoragem,03-15-2017,700.17,3.16
144,Boia de Arqueamento Bruce Barracuda,ancoragem,04-17-2018,650.55,3.4
144,Boia de Arqueamento Bruce Barracuda,ancoragem,11-16-2018,590.14,3.75
144,Boia de Arqueamento Bruce Barracuda,ancoragem,09-06-2019,544.76,4.06
144,Boia de Arqueamento Bruce Barracuda,ancoragem,08-04-2022,422.52,5.24
144,Boia de Arqueamento Bruce Barracuda,ancoragem,03-11-2024,444.87,4.98
144,Boia de Arqueamento Bruce Barracuda,ancoragem,09-17-2024,402.54,5.5
145,Boia de Arqueamento Delta Nexus,ancoragem,07-08-2016,1319.66,3.3
145,Boia de Arqueamento Delta Nexus,ancoragem,02-19-2020,994.89,4.37
145,Boia de Arqueamento Delta Nexus,ancoragem,11-30-2020,815.94,5.33
145,Boia de Arqueamento Delta Nexus,ancoragem,06-22-2022,844.58,5.15
145,Boia de Arqueamento Delta Nexus,ancoragem,10-13-2022,820.56,5.3
145,Boia de Arqueamento Delta Nexus,ancoragem,02-09-2024,875.03,4.97
145,Boia de Arqueamento Delta Nexus,ancoragem,12-04-2024,718.09,6.06
146,Corrente Delta Vox Ion,ancoragem,05-03-2016,139.54,3.55
146,Corrente Delta Vox Ion,ancoragem,11-24-2016,145.96,3.4
146,Corrente Delta Vox Ion,ancoragem,01-02-2018,151.72,3.27
146,Corrente Delta Vox Ion,ancoragem,02-19-2018,153.36,3.23
146,Corrente Delta Vox Ion,ancoragem,08-19-2021,91.55,5.42
146,Corrente Delta Vox Ion,ancoragem,01-27-2022,92.18,5.38
146,Corrente Delta Vox Ion,ancoragem,05-04-2022,99.02,5.01
146,Corrente Delta Vox Ion,ancoragem,07-29-2024,87.83,5.65
146,Corrente Delta Vox Ion,ancoragem,12-05-2024,82.88,5.98
147,Corrente Danforth Force Leviathan Impulse,ancoragem,05-13-2016,864.87,3.5
147,Corrente Danforth Force Leviathan Impulse,ancoragem,05-03-2017,962.45,3.15
147,Corrente Danforth Force Leviathan Impulse,ancoragem,10-29-2020,524.26,5.78
147,Corrente Danforth Force Leviathan Impulse,ancoragem,11-24-2021,540.88,5.6
147,Corrente Danforth Force Leviathan Impulse,ancoragem,03-21-2022,610.17,4.97
147,Corrente Danforth Force Leviathan Impulse,ancoragem,08-25-2022,592.19,5.12
148,Âncora Delta Force Barracuda Mako,ancoragem,06-06-2017,1458.52,3.28
148,Âncora Delta Force Barracuda Mako,ancoragem,01-15-2018,1497.5,3.2
148,Âncora Delta Force Barracuda Mako,ancoragem,02-19-2018,1479.72,3.23
148,Âncora Delta Force Barracuda Mako,ancoragem,03-08-2018,1471.94,3.25
148,Âncora Delta Force Barracuda Mako,ancoragem,01-21-2019,1269.41,3.77
148,Âncora Delta Force Barracuda Mako,ancoragem,03-21-2019,1260.65,3.8
148,Âncora Delta Force Barracuda Mako,ancoragem,09-02-2020,890.59,5.37
148,Âncora Delta Force Barracuda Mako,ancoragem,12-07-2021,848.43,5.64
148,Âncora Delta Force Barracuda Mako,ancoragem,03-25-2022,1001.67,4.78
148,Âncora Delta Force Barracuda Mako,ancoragem,11-10-2022,901.95,5.31
148,Âncora Delta Force Barracuda Mako,ancoragem,02-28-2023,919.03,5.21
148,Âncora Delta Force Barracuda Mako,ancoragem,09-28-2023,948.22,5.05
148,Âncora Delta Force Barracuda Mako,ancoragem,11-17-2023,979.78,4.88
148,Âncora Delta Force Barracuda Mako,ancoragem,06-18-2024,885.1,5.41
148,Âncora Delta Force Barracuda Mako,ancoragem,07-21-2025,860.42,5.56
149,Cabo de Nylon Bruce Core,ancoragem,02-19-2016,287.41,4.05
149,Cabo de Nylon Bruce Core,ancoragem,03-17-2016,319.33,3.64
149,Cabo de Nylon Bruce Core,ancoragem,08-25-2017,369.92,3.15
149,Cabo de Nylon Bruce Core,ancoragem,12-28-2018,300.35,3.87
149,Cabo de Nylon Bruce Core,ancoragem,01-04-2019,309.3,3.76
149,Cabo de Nylon Bruce Core,ancoragem,10-01-2019,278.82,4.17
149,Cabo de Nylon Bruce Core,ancoragem,06-29-2020,213.86,5.44
149,Cabo de Nylon Bruce Core,ancoragem,07-20-2021,221.82,5.25
149,Cabo de Nylon Bruce Core,ancoragem,07-11-2022,217.62,5.35
149,Cabo de Nylon Bruce Core,ancoragem,02-14-2023,225.94,5.15
150,Cabo de Nylon Danforth Magnum Vox,ancoragem,11-28-2018,426.06,3.86
150,Cabo de Nylon Danforth Magnum Vox,ancoragem,12-28-2018,424.77,3.87
150,Cabo de Nylon Danforth Magnum Vox,ancoragem,02-19-2019,442.38,3.72
150,Cabo de Nylon Danforth Magnum Vox,ancoragem,09-17-2020,312.94,5.26
150,Cabo de Nylon Danforth Magnum Vox,ancoragem,08-09-2022,321.31,5.12
150,Cabo de Nylon Danforth Magnum Vox,ancoragem,06-01-2023,326.88,5.03
150,Cabo de Nylon Danforth Magnum Vox,ancoragem,01-31-2024,332.26,4.95
150,Cabo de Nylon Danforth Magnum Vox,ancoragem,08-29-2024,292.03,5.64
150,Cabo de Nylon Danforth Magnum Vox,ancoragem,10-04-2024,300.96,5.47
150,Cabo de Nylon Danforth Magnum Vox,ancoragem,10-25-2024,288.9,5.7
